IID	ALLELE_CT	NAMED_ALLELE_DOSAGE_SUM	PC1_AVG	PC2_AVG	PC3_AVG	PC4_AVG	PC5_AVG	PC6_AVG	PC7_AVG	PC8_AVG	PC9_AVG	PC10_AVG	super_pop
HG00111	1735274	1735274	0.0944771	-0.129882	-0.0244549	-0.0328025	-0.000113695	0.00466621	0.00760014	0.00849887	0.00280854	0.00826143	EUR
HG00138	1734612	1734612	0.093038	-0.132453	-0.027791	-0.0369137	-0.000150505	0.00143093	0.00578556	0.0068949	0.00175766	0.0109229	EUR
HG00187	1735282	1735282	0.0951731	-0.10702	-0.0340279	-0.0338744	-0.00473064	0.0337967	0.0349511	0.0742116	-0.00623158	-0.0201255	EUR
HG00303	1732820	1732820	0.0975004	-0.107165	-0.0312029	-0.0353383	-0.00332035	0.0309194	0.0350661	0.0688691	-0.00880679	-0.00672414	EUR
HG00351	1734904	1734904	0.0963631	-0.112767	-0.0315363	-0.0353931	-0.00390906	0.0314288	0.0343122	0.0677612	-0.00573934	-0.0072474	EUR
HG00536	1735974	1735974	0.123423	0.172701	-0.0146989	-0.0324233	-0.00180029	-0.00422696	-0.0022114	-0.00268948	-0.000682929	0.00487999	EAS
HG00607	1735842	1735842	0.123509	0.171667	-0.0133308	-0.0352288	0.000334402	0.00472858	-0.0011688	-0.00362157	0.00146295	0.0041005	EAS
HG00638	1731488	1731488	0.0304233	-0.0745556	-0.0381988	0.00711582	-0.0010783	-0.00734059	-0.0169835	-0.0228256	2.53681e-05	-0.0174623	AMR
HG00662	1735580	1735580	0.12159	0.172364	-0.0143889	-0.0348127	0.00092478	-0.0148628	0.00227158	0.00115145	0.00109689	-0.000996851	EAS
HG00675	1728660	1728660	0.122192	0.176013	-0.0111304	-0.0366526	0.000387702	-0.01018	-0.00053846	0.000580913	7.88528e-05	-0.000162461	EAS
HG00739	1733372	1733372	0.0736948	-0.11179	-0.0350042	-0.0222269	0.00149432	-0.00348031	-0.00633393	-0.00811877	-0.000409712	0.00111573	AMR
HG00881	1732702	1732702	0.120721	0.173695	-0.00785817	-0.0389158	-0.000528877	-0.0544303	0.0121532	0.0110556	0.00193493	0.00364786	EAS
HG01047	1721792	1721792	0.0607999	-0.0974737	-0.0381797	-0.0111749	-0.000669549	-0.00940211	-0.00836426	-0.0208439	-0.00545942	-0.00333126	AMR
HG01061	1730192	1730192	0.0658343	-0.0924559	-0.0449511	-0.00146219	0.000822715	-0.00956546	-0.018541	-0.0270167	-0.00543785	-0.0100433	AMR
HG01064	1721384	1721384	0.0283005	-0.080595	-0.0345179	-0.00605501	0.0015332	-0.00987774	-0.0143259	-0.0266764	-0.00117636	-0.0123227	AMR
HG01082	1734192	1734192	0.0156977	-0.0716735	-0.0383564	0.00387465	0.00036591	-0.00938093	-0.00942315	-0.0250658	-0.00513405	-0.0080606	AMR
HG01089	1729402	1729402	0.0362983	-0.0774511	-0.0353506	0.00222286	0.00250355	-0.00986754	-0.0125065	-0.0208945	0.000385812	-0.0100051	AMR
HG01107	1730278	1730278	0.00679574	-0.0752911	-0.0370208	-0.00347399	0.0031944	-0.0151097	-0.013165	-0.0258618	-0.00638982	-0.00532331	AMR
HG01124	1734998	1734998	0.0441467	-0.0490286	-0.0538603	0.0386557	-0.00269424	-0.00818565	-0.00651291	-0.00706822	0.00143589	-0.0112974	AMR
HG01130	1734798	1734798	0.0730527	-0.0725979	-0.050007	0.0268767	0.00141143	-0.00510678	-0.0104991	-0.0217332	-0.0010124	-0.00599155	AMR
HG01131	1732962	1732962	0.0724976	-0.0705742	-0.0532761	0.026902	0.00230595	-0.0035371	-0.0111162	-0.0215864	-0.00272099	-0.00244997	AMR
HG01133	1731844	1731844	0.0857522	-0.0948271	-0.0446067	0.000893865	0.00105481	-0.0109857	-0.0125927	-0.024899	-0.0005764	-0.00644945	AMR
HG01140	1735808	1735808	0.0814564	-0.0720244	-0.0523101	0.0324879	-0.001726	-0.0107697	-0.0130276	-0.0189285	-0.00231333	-0.0041993	AMR
HG01205	1728072	1728072	0.0471258	-0.0888986	-0.0371244	-0.0046867	-0.00024432	-0.00897443	-0.0118228	-0.0184436	-0.00280472	-0.0095366	AMR
HG01260	1733260	1733260	0.0495087	-0.0479535	-0.0559961	0.0459129	0.0027774	-0.00387412	-0.0115261	-0.0188075	0.00255586	-0.011016	AMR
HG01303	1733210	1733210	0.0516417	-0.0706286	-0.0405011	0.00939915	-0.00367614	-0.0103686	-0.0127832	-0.0203033	-0.00285252	-0.0206591	AMR
HG01308	1733930	1733930	0.00806108	-0.0657802	-0.0386821	0.0103987	-0.0037524	-0.0114301	-0.0136862	-0.0182682	-0.0037656	-0.023901	AMR
HG01323	1729702	1729702	0.0526253	-0.0806399	-0.0432616	0.00569828	-5.91191e-05	-0.0111398	-0.0101097	-0.0237558	-0.00011491	-0.0111871	AMR
HG01326	1732982	1732982	0.056044	-0.0804802	-0.047962	0.00728635	0.000570579	-0.0116643	-0.0146916	-0.0221364	0.00107964	-0.0164629	AMR
HG01353	1734650	1734650	0.0848001	-0.0893245	-0.0469138	0.0110834	0.00319803	-0.00887553	-0.013311	-0.0212325	-0.000613374	-0.00879622	AMR
HG01360	1735774	1735774	0.0724945	-0.0741453	-0.0463167	0.0227448	0.00103376	-0.00967812	-0.0125342	-0.0224716	0.0037528	0.00391949	AMR
HG01389	1733878	1733878	0.0695123	-0.0949438	-0.0409699	5.27947e-05	3.29263e-05	-0.00682922	-0.0135762	-0.0262998	-0.00409614	-0.0116787	AMR
HG01392	1734102	1734102	0.0328385	-0.069616	-0.0438832	0.0123229	-0.00152757	-0.0109223	-0.015714	-0.0156216	-0.00340018	-0.0122424	AMR
HG01396	1733668	1733668	0.0298163	-0.0633116	-0.041237	0.0202265	-0.000996835	-0.00769405	-0.011696	-0.020955	-0.00390496	-0.010456	AMR
HG01432	1729094	1729094	0.0854156	-0.0754179	-0.0497508	0.0169281	-0.00178173	-0.0134858	-0.010025	-0.0206455	-0.0021016	-0.00554116	AMR
HG01441	1735986	1735986	0.093417	-0.0384361	-0.0660555	0.0657033	0.0036182	-0.0055137	-0.00547772	-0.00996834	-0.000383643	-0.00178057	AMR
HG01504	1734946	1734946	0.0828811	-0.127383	-0.0291215	-0.0442012	0.00353691	-0.00613365	-0.0147531	-0.0278421	-0.00317179	-0.000836272	EUR
HG01507	1723566	1723566	0.0833028	-0.128006	-0.0280022	-0.0387318	0.000868659	-0.0113886	-0.0107557	-0.0203654	0.000525115	0.00167132	EUR
HG01518	1724634	1724634	0.0884517	-0.135851	-0.0354677	-0.0441959	-0.00111979	-0.00580395	-0.0104937	-0.0179951	-0.000372053	-0.00788428	EUR
HG01537	1732036	1732036	0.0846984	-0.128615	-0.0286743	-0.0400071	0.0018748	-0.0111038	-0.00926577	-0.019009	0.000945142	0.00398958	EUR
HG01565	1735808	1735808	0.109794	0.0129228	-0.101294	0.139108	-0.000467058	-0.00325653	0.00131293	0.00369553	-0.00179881	0.0109512	AMR
HG01615	1734618	1734618	0.0844605	-0.129746	-0.0232222	-0.0427438	0.00300086	-0.00597155	-0.0117034	-0.0209398	0.00121155	-0.00910635	EUR
HG01623	1715384	1715384	0.075466	-0.127019	-0.0306917	-0.039552	9.15841e-05	-0.00783823	-0.0148983	-0.025669	-0.00482888	0.00552694	EUR
HG01810	1733088	1733088	0.120836	0.168645	-0.00700548	-0.0368966	-0.00322026	-0.0530954	0.0123387	0.0163345	-0.004668	-0.00613572	EAS
HG01880	1731958	1731958	-0.110573	0.00626551	0.0345876	0.011164	-0.00430256	-0.00115251	0.0171956	-0.00541456	0.00198798	-0.00304364	AFR
HG01882	1734512	1734512	-0.270954	0.0128724	-0.00196906	-0.00242786	-0.000340257	0.00365975	0.0169058	-0.00630326	0.0133925	0.00969897	AFR
HG01912	1730586	1730586	-0.249068	0.00277186	-0.00219448	-0.00518169	-0.00153273	0.000401124	0.0198731	-0.00679493	0.0130099	-0.00120565	AFR
HG01914	1733956	1733956	-0.22507	-0.00603551	-0.00548409	-0.00510132	-0.00444169	-0.00455805	0.0160026	-0.00652495	0.01953	-0.000173693	AFR
HG01938	1735634	1735634	0.122123	0.0736981	-0.136919	0.222726	-0.000374296	0.00126851	0.0105522	0.0182908	0.000875952	0.00492317	AMR
HG01954	1729830	1729830	0.119082	0.0580173	-0.124845	0.197203	0.00194178	-0.00543474	0.00785296	0.014815	0.000617982	0.00904585	AMR
HG01958	1732768	1732768	-0.229678	8.49957e-05	-0.00559949	-0.00485934	-0.00756518	-0.00376848	0.0175348	-0.00818892	0.00899491	0.0141718	AFR
HG01961	1732350	1732350	0.12462	0.0736309	-0.135035	0.220921	-2.04938e-05	-0.00184939	0.0099432	0.0173585	-0.000279136	0.00834472	AMR
HG01974	1728842	1728842	0.118726	0.0682528	-0.133276	0.209457	-0.000201545	-0.00476009	0.00917227	0.00962689	0.00011993	0.00572075	AMR
HG01976	1735546	1735546	0.106756	0.00837971	-0.10136	0.139954	0.00103445	-0.00670715	0.00344162	0.00795834	-0.000832825	0.0101547	AMR
HG01977	1735672	1735672	0.113262	0.0335605	-0.116026	0.172922	-0.000649281	-0.00522672	0.0045197	0.00910184	0.00152405	0.00660151	AMR
HG01980	1734942	1734942	0.101832	0.0229202	-0.103791	0.155342	-0.000127535	-0.00578133	0.00461815	0.00416318	0.00277195	0.00743616	AMR
HG01985	1725092	1725092	-0.253362	0.00570395	-0.00360898	-0.00259582	-0.00555253	0.00313271	0.0145452	-0.00955984	0.0143909	0.00404879	AFR
HG01989	1728420	1728420	-0.224693	-0.00406363	-0.00805424	-0.00496792	-0.00508534	0.00506668	0.0181087	-0.00927256	0.00687722	0.000639007	AFR
HG01990	1734030	1734030	-0.256049	0.00762613	-0.00360223	-0.00476281	-0.0111986	-0.00131261	0.0131362	-0.00751392	0.00726743	0.0130049	AFR
HG02006	1732462	1732462	-0.0462145	-0.0105571	-0.0520525	0.0595134	0.0011933	-0.00725435	0.00127004	-0.00675472	0.00208999	0.0023669	AMR
HG02009	1731336	1731336	-0.226368	-0.00480971	-0.00601673	-0.00684333	-0.00655949	0.00252715	0.0142325	-0.0099414	0.00528888	0.0278416	AFR
HG02053	1728720	1728720	-0.255454	0.00714055	-0.00302572	-0.00306943	-0.00228804	0.00113682	0.0143042	-0.00507773	0.00995112	0.011808	AFR
HG02102	1729618	1729618	0.112439	0.0448286	-0.118294	0.180051	0.000383936	-0.00186755	0.00800704	0.0121426	0.00114048	-0.00437403	AMR
HG02108	1726134	1726134	-0.216488	-0.0104613	-0.0036803	-0.00769357	-0.00693276	-0.00444882	0.00988981	-0.0112607	0.0203894	0.00138375	AFR
HG02143	1734298	1734298	-0.218562	-0.0102094	-0.00168673	-0.00640517	-0.0058547	0.00127647	0.0163104	-0.00151653	0.0248655	0.0115204	AFR
HG02144	1731412	1731412	-0.260744	0.0086615	-0.00298702	-0.00295256	-0.00858875	-0.000571783	0.0176628	-0.00513665	0.0173349	0.0176223	AFR
HG02184	1734692	1734692	0.121457	0.171072	-0.00994339	-0.0387439	-0.000857247	-0.0514246	0.00912596	0.0127284	0.00275093	-0.00324097	EAS
HG02281	1731710	1731710	-0.272742	0.0121664	-0.00283814	-0.00192472	-0.00503942	-0.000710473	0.0280857	-0.00732075	0.0141069	0.0117136	AFR
HG02282	1729454	1729454	-0.208035	-0.0123859	-0.00559209	-0.00676605	-0.00573689	0.00227778	0.0135387	-0.00321729	0.0187132	-0.0017735	AFR
HG02304	1730962	1730962	0.09299	0.0408355	-0.106367	0.1626	0.000233708	-0.00666804	0.00543227	0.00593085	0.00233091	0.000296277	AMR
HG02308	1731858	1731858	-0.246208	0.00229866	-0.0041297	-0.00447233	-0.00484264	-0.000632636	0.023862	-0.0119431	0.00810979	0.0108495	AFR
HG02314	1732282	1732282	-0.258282	0.00663811	-0.00313204	-0.0040858	-0.00918728	0.00282452	0.0173904	-0.00540136	0.0142427	-0.00414043	AFR
HG02317	1734182	1734182	-0.263584	0.0108385	-0.00213538	-0.00496738	-0.00734332	-0.00118772	0.0216021	-0.0100716	0.0180966	0.0107702	AFR
HG02318	1718998	1718998	-0.263265	0.0114246	0.000676465	-0.00454038	0.001225	-0.00236611	0.0220031	-0.0154883	0.00533703	0.00753602	AFR
HG02322	1725406	1725406	-0.235674	-0.00185429	-0.00215027	-0.00673755	-0.00361071	-0.00045892	0.0195277	-0.00563461	0.0211801	0.00717589	AFR
HG02323	1731680	1731680	-0.257981	0.00545613	-0.00224326	-0.0055381	-0.00586885	0.00339893	0.0209813	-0.00858244	0.0139365	0.0140691	AFR
HG02337	1734962	1734962	-0.24166	0.001801	-0.00439518	-0.00415524	-0.00236223	0.00177326	0.0214599	-0.0119948	0.0126622	0.00501187	AFR
HG02339	1732926	1732926	-0.275393	0.0126839	-0.0048274	-0.000345022	-0.00519235	-0.00246727	0.0221342	-0.0120357	0.0209898	0.0114637	AFR
HG02343	1734276	1734276	-0.200207	-0.0154199	-0.0062063	-0.0069777	-0.00265856	0.000190393	0.0145001	-0.00722082	0.0100663	0.00328238	AFR
HG02344	1725352	1725352	0.112492	0.0389903	-0.114875	0.174967	-0.00141358	-0.00428318	0.00502926	0.00881297	0.00237599	0.00157712	AMR
HG02348	1726622	1726622	0.113095	0.0425095	-0.11531	0.184076	0.0036065	-0.00700714	0.00930538	0.0145939	-0.00141551	0.00343337	AMR
HG02398	1734024	1734024	0.122416	0.167474	-0.0054944	-0.0368201	-0.00159469	-0.0491818	0.0118459	0.0120776	-5.24902e-05	-0.00400083	EAS
HG02408	1732726	1732726	0.120252	0.169954	-0.00716974	-0.0374079	-0.00155084	-0.0599303	0.0140886	0.0156903	-0.00112003	-0.00776534	EAS
HG02409	1735132	1735132	0.122544	0.168562	-0.00844913	-0.0383825	-0.00103883	-0.0524559	0.0122984	0.0171996	-0.00306223	0.000607337	EAS
HG02427	1733730	1733730	-0.251088	0.00574324	-0.00261594	-0.0065629	-0.0116769	0.00192749	0.0145701	-0.0088618	0.00780202	0.0200855	AFR
HG02433	1729594	1729594	-0.240216	0.00629877	-0.00112625	-0.0044384	-0.00509186	0.000239891	0.0149505	-0.00534705	0.0185605	0.000518993	AFR
HG02436	1735240	1735240	-0.261778	0.00807505	-0.00245568	-0.00199933	-0.00587621	0.00100651	0.0172966	-0.00955518	0.00841575	0.00483019	AFR
HG02450	1723906	1723906	-0.254271	0.00561423	-0.00307034	-0.00582912	-0.0029424	-0.000374962	0.0118497	-0.00503867	0.0185929	0.0146703	AFR
HG02462	1730244	1730244	-0.266065	0.00885294	-0.00411103	-0.00219665	-0.0580654	-0.00746815	-0.0634303	0.0229386	-0.0512824	-0.010773	AFR
HG02464	1733512	1733512	-0.28051	0.0161696	-0.000226864	-0.00127217	-0.0606601	-0.00652204	-0.0495955	0.0265746	-0.0290422	-0.00616542	AFR
HG02476	1733162	1733162	-0.225357	-0.00388219	-0.00609288	-0.00587073	-0.0115962	0.00144655	0.0151061	-0.00863337	0.00749162	0.000854129	AFR
HG02477	1730874	1730874	-0.230928	-0.00156087	-0.0048553	-0.00487161	-0.0126558	0.000704853	0.016127	-0.00885955	0.0139481	-0.00279469	AFR
HG02478	1733758	1733758	-0.231207	0.00068969	-0.00553858	-0.00738963	-0.00342052	0.00123292	0.0172513	-0.00681992	0.0147957	-0.00543519	AFR
HG02481	1727452	1727452	-0.2494	0.00703943	-0.00325638	-0.005399	-0.00660639	0.00130859	0.0155981	-0.00303655	0.00850984	-0.00449162	AFR
HG02485	1734578	1734578	-0.185674	-0.0214102	-0.00800541	-0.0104594	0.00115172	0.000417097	0.00955652	-0.00378126	0.0128535	0.0143585	AFR
HG02489	1734204	1734204	-0.234259	0.000351044	-0.00435301	-0.00451384	0.000336162	0.00351077	0.0214513	-0.00727473	0.0130643	0.00201375	AFR
HG02505	1734470	1734470	-0.24734	0.00400558	-0.00346511	-0.00325341	-0.00478401	0.00197838	0.0225303	-0.0109536	0.0280994	-0.00389564	AFR
HG02546	1734036	1734036	-0.254108	0.00774953	-0.00407779	-0.000968866	-0.00271116	0.00120533	0.0125483	-0.00727401	0.00499077	-0.00282035	AFR
HG02549	1734322	1734322	-0.269542	0.0104141	-0.00125017	-0.000665457	-0.00256857	-0.000218203	0.0234197	-0.0119097	0.00123809	-0.00607192	AFR
HG02555	1733534	1733534	-0.242913	0.00399546	-0.00222151	-0.00375499	-0.00259536	0.0035008	0.0127964	-0.00810229	-0.00361272	0.0115388	AFR
HG02557	1722496	1722496	-0.264802	0.00928214	0.000173776	-0.00163181	-0.00899923	0.00234102	0.0265072	-0.0114976	0.0103248	-0.0107005	AFR
HG02558	1733940	1733940	-0.24813	0.00595178	-0.0043886	-0.00356992	-0.00705695	-0.00389383	0.0100725	-0.00597455	0.0094452	7.81667e-05	AFR
HG02562	1731022	1731022	-0.273731	0.0152345	0.000804444	0.00024163	-0.0520302	-0.00335665	-0.0433382	0.0214016	-0.0306345	0.0144736	AFR
HG02570	1732992	1732992	-0.277686	0.0167796	0.000493417	0.00206636	-0.0534797	-0.00486441	-0.042988	0.0176257	-0.00635886	0.0081868	AFR
HG02580	1730648	1730648	-0.231277	-0.0023865	-0.0059071	-0.0069425	-0.00890641	0.00531258	0.0152707	-0.00886961	0.0110748	-0.00076907	AFR
HG02585	1723288	1723288	-0.281189	0.0142802	-0.000493653	-1.3408e-06	-0.0612119	-0.00842768	-0.0590361	0.0315771	-0.0502729	0.00596534	AFR
HG02588	1733458	1733458	-0.273975	0.0137694	0.000324051	-0.00191338	-0.0557034	-0.00656957	-0.0485346	0.0221213	-0.0303997	0.0116855	AFR
HG02589	1731570	1731570	-0.273369	0.0153686	-0.00134846	0.000287005	-0.0536366	-0.00389218	-0.0510819	0.0229238	-0.0337916	0.00453712	AFR
HG02595	1724580	1724580	-0.276992	0.0135336	-0.000879157	-0.000623185	-0.059561	-0.00353411	-0.051944	0.0249655	-0.0393019	-0.00148553	AFR
HG02611	1733278	1733278	-0.279081	0.0169897	0.00163977	-0.000582384	-0.0691196	-0.00730645	-0.0658152	0.0301905	-0.0934624	0.0015048	AFR
HG02613	1716884	1716884	-0.267151	0.0105166	-0.000891894	-0.00403265	-0.0580774	-0.00357211	-0.0492746	0.0177863	-0.0303955	-0.0124676	AFR
HG02614	1731416	1731416	-0.263188	0.00713644	-0.00191873	-0.00319928	-0.0514454	-0.00336704	-0.0546549	0.0179236	-0.029756	-0.000184984	AFR
HG02621	1726896	1726896	-0.278882	0.0171721	0.0011569	-0.000626688	-0.052699	-0.00289381	-0.0516925	0.025768	-0.0245631	0.0023298	AFR
HG02643	1733670	1733670	-0.274406	0.0146893	0.000142955	-0.00300354	-0.051467	-0.00252656	-0.0486001	0.0194971	-0.0521934	0.00352575	AFR
HG02646	1734112	1734112	-0.279931	0.014917	-0.00156406	-0.00319621	-0.0639523	-0.00438793	-0.0625012	0.0283635	-0.052819	-0.00178036	AFR
HG02675	1732692	1732692	-0.276635	0.0138386	0.00226142	0.000309776	-0.0550043	-0.00488374	-0.0479258	0.0209131	-0.0340231	-0.00112058	AFR
HG02702	1733976	1733976	-0.270309	0.0154354	-0.000870802	-0.00312368	-0.0575844	-0.0047705	-0.0529505	0.0228445	-0.0422607	0.00258169	AFR
HG02703	1727008	1727008	-0.279225	0.0168605	0.00110605	-0.00115896	-0.0573616	-0.00354256	-0.0593711	0.0247631	-0.0536272	0.0158442	AFR
HG02716	1731808	1731808	-0.277779	0.0159456	-0.00134507	-0.00104477	-0.0558238	-0.00608	-0.0518009	0.0243381	-0.026365	-0.00415828	AFR
HG02722	1728076	1728076	-0.279173	0.0164575	-0.00193313	-0.00115844	-0.0529978	-0.0046258	-0.0404443	0.0180778	-0.00577348	0.00279328	AFR
HG02727	1731014	1731014	0.0866437	-0.0236479	0.0965085	0.0339252	-0.00358524	0.00242828	0.002032	0.0066237	0.00156098	-0.0351018	SAS
HG02759	1728766	1728766	-0.279445	0.014023	-0.000472347	-0.00372502	-0.0574953	-0.00204816	-0.0470529	0.0185053	-0.0352487	-0.00402961	AFR
HG02760	1721672	1721672	-0.276822	0.0167319	-0.00200658	-0.00207964	-0.0537203	-0.00563573	-0.0450657	0.0143051	-0.0330578	-0.00769709	AFR
HG02763	1731802	1731802	-0.276962	0.0160208	-0.00193632	-0.000606008	-0.0641108	-0.00665514	-0.0523059	0.0251405	-0.046794	0.00190474	AFR
HG02771	1732722	1732722	-0.278756	0.0155652	-0.000728584	-0.002085	-0.0573039	-0.000696099	-0.0473362	0.0263056	-0.0266721	-0.00324739	AFR
HG02799	1724888	1724888	-0.272845	0.0138783	0.0010812	-0.00311906	-0.0537993	-0.00182123	-0.0458796	0.0230456	-0.0242273	-0.00339045	AFR
HG02805	1725534	1725534	-0.282768	0.0177547	0.000547743	-0.00221977	-0.0625858	-0.00955644	-0.0602995	0.0328075	-0.0215812	-0.00429518	AFR
HG02807	1729524	1729524	-0.273161	0.0131274	-0.002724	-0.00172934	-0.0517993	-0.00518026	-0.0473584	0.018842	-0.0386733	-0.00836357	AFR
HG02810	1731640	1731640	-0.252817	0.00563382	-0.00550878	-0.006275	-0.0470771	-0.00519128	-0.0463389	0.0126595	-0.0290874	-0.00254433	AFR
HG02811	1711754	1711754	-0.278373	0.0172106	0.0022119	-0.000656309	-0.0543855	-0.00935454	-0.0488602	0.0236878	-0.0388405	0.00105199	AFR
HG02819	1733778	1733778	-0.281303	0.0161578	0.000199024	-0.00213077	-0.0598802	-0.00636683	-0.0536056	0.027601	-0.0265031	0.000238449	AFR
HG02836	1733824	1733824	-0.273818	0.0159583	0.00182255	0.00121506	-0.0588	-0.00852273	-0.0559201	0.0258189	-0.0528779	0.00848518	AFR
HG02837	1733696	1733696	-0.274336	0.0140494	0.00250882	-0.000359212	-0.0596337	-0.00749405	-0.0600236	0.0299652	-0.0578991	-0.000470884	AFR
HG02839	1731262	1731262	-0.275045	0.0144893	0.00253703	-0.00121842	-0.0576729	-0.00320946	-0.0619506	0.0288852	-0.0540439	-0.00279641	AFR
HG02840	1690944	1690944	-0.274835	0.0125299	-0.0010316	-0.00259789	-0.0537642	-0.0024426	-0.0517558	0.0189862	-0.0415805	-0.00282141	AFR
HG02854	1733408	1733408	-0.278472	0.015083	0.000235485	-0.001017	-0.0515869	-0.0033319	-0.0477039	0.0216307	0.00283899	-0.00196423	AFR
HG02860	1730316	1730316	-0.277494	0.0167983	-0.00059154	-0.00100615	-0.0591969	-0.00458291	-0.0507508	0.0275322	-0.0490151	0.00418951	AFR
HG02869	1675662	1675662	-0.272243	0.0154385	-0.00323795	-0.0013709	-0.0577849	-0.00479269	-0.0482508	0.0243631	-0.0657001	0.0175977	AFR
HG02878	1734100	1734100	-0.273639	0.0183077	-3.3013e-05	-0.000439115	-0.0647531	-0.0044048	-0.0590598	0.0273922	-0.0678039	0.0138909	AFR
HG02879	1729444	1729444	-0.27611	0.014646	0.00181791	-0.00202151	-0.0538328	-0.00297422	-0.0559585	0.0262904	-0.0495416	-0.00245625	AFR
HG02881	1732156	1732156	-0.281351	0.0172075	0.0011004	-0.00302673	-0.0595937	-0.0037345	-0.0510623	0.0228875	-0.02265	-0.000997056	AFR
HG02882	1718158	1718158	-0.275507	0.0144995	0.000276537	-1.49717e-05	-0.0568623	-0.00723163	-0.0531049	0.0230278	-0.0379174	0.00232182	AFR
HG02884	1733664	1733664	-0.276013	0.0150069	0.000975707	-0.00144052	-0.0535985	-0.0044576	-0.0530569	0.0240988	-0.0367081	0.0111638	AFR
HG02891	1728528	1728528	-0.275667	0.0144882	-0.00243027	-0.00127231	-0.0550387	-0.00445744	-0.0473993	0.0178138	-0.0213553	0.00254974	AFR
HG02895	1733734	1733734	-0.277865	0.0168407	-0.00214874	-0.000986163	-0.0655148	-0.00689036	-0.0665632	0.0295086	-0.0820362	0.0130795	AFR
HG02896	1723224	1723224	-0.275833	0.017016	-0.00144414	-0.000370453	-0.062975	-0.00371957	-0.0620977	0.0295827	-0.107512	0.0130292	AFR
HG02922	1713428	1713428	-0.291155	0.0189327	-0.000390312	-0.00142789	-0.00432117	0.00637409	0.0460829	-0.0243501	-0.0202098	-0.0205907	AFR
HG02923	1733038	1733038	-0.288066	0.0180125	-0.000359275	0.000871214	-0.00204458	0.00731918	0.0481093	-0.0280469	-0.026406	-0.0162648	AFR
HG02941	1727898	1727898	-0.288222	0.0191532	0.0020733	0.00090279	0.00136593	0.00591519	0.0386946	-0.0234764	-0.0161472	-0.00870514	AFR
HG02943	1730676	1730676	-0.286277	0.0178743	0.000445879	-0.00217341	-0.00386695	0.0030687	0.0469689	-0.022612	-0.0135653	0.00279053	AFR
HG02944	1733254	1733254	-0.287231	0.0180344	-9.36082e-05	-0.000683603	0.00080563	0.00260079	0.0474507	-0.0220513	-0.024081	-0.0210473	AFR
HG02946	1733180	1733180	-0.288664	0.0179292	-0.000943952	0.00253618	0.00158297	0.0047688	0.0449488	-0.0234794	-0.0169413	0.00258254	AFR
HG02952	1732976	1732976	-0.287207	0.018506	-0.00221918	0.000852637	-0.00166007	0.00514854	0.0459589	-0.0266739	-0.0150011	-0.00209889	AFR
HG02953	1734072	1734072	-0.28691	0.0188203	-0.00142176	-0.000990383	0.00413461	0.00593179	0.0486154	-0.0285326	-0.0171856	-0.0220918	AFR
HG02965	1733040	1733040	-0.288016	0.0194992	-0.00123729	0.000752464	-0.00124616	0.0055807	0.04426	-0.0229676	-0.0315306	0.00268886	AFR
HG02973	1734296	1734296	-0.28902	0.0173513	-0.00173257	-0.00145806	0.00206425	0.00234851	0.0480583	-0.0260271	-0.0218584	-0.0160601	AFR
HG02974	1730250	1730250	-0.290153	0.0183031	-0.000415013	-0.000890425	-0.00400468	0.00362163	0.0477964	-0.0236309	-0.0214252	-0.0113417	AFR
HG02976	1734052	1734052	-0.286541	0.0193378	-0.00170165	-0.00190131	-0.00765871	0.00734036	0.037737	-0.0164143	-0.0120341	-0.00524017	AFR
HG02977	1730988	1730988	-0.287469	0.0192559	-0.00115344	-0.00193578	0.00337027	0.000807607	0.0504061	-0.0286895	-0.0150166	-0.0123178	AFR
HG02979	1726300	1726300	-0.287517	0.0162713	-0.00010012	0.000628765	0.0100252	-9.63189e-05	0.0330973	-0.0158997	-0.00932375	-0.000176618	AFR
HG02981	1729548	1729548	-0.287697	0.0180249	-0.000298157	0.000632446	-0.000588584	0.00499434	0.0434156	-0.0235066	-0.027612	-0.0097275	AFR
HG03033	1734422	1734422	-0.279102	0.0180722	-0.000828257	0.00127413	-0.0610748	-0.00636767	-0.0564603	0.0264634	-0.0202636	0.00429292	AFR
HG03034	1730878	1730878	-0.280349	0.020103	-0.00128666	-0.00145905	-0.0598086	-0.00539978	-0.0484887	0.0257338	-0.0116083	-0.00207827	AFR
HG03040	1730612	1730612	-0.280412	0.0160215	8.33246e-05	-0.00110281	-0.0352869	-0.00111824	-0.0207001	0.0124375	0.00101115	-0.00256999	AFR
HG03049	1724906	1724906	-0.277304	0.0154879	-0.00249035	-0.00144079	-0.0601298	-0.00999461	-0.0620616	0.0243151	-0.0501399	0.0116876	AFR
HG03055	1727906	1727906	-0.284125	0.016021	0.000461299	0.00056172	-0.0318494	0.000818575	-0.02722	0.0175925	0.0635144	-0.00936887	AFR
HG03057	1733926	1733926	-0.285782	0.0184188	-0.000520733	0.000301843	-0.0381797	-0.000519973	-0.0197365	0.0148081	0.0693094	-0.00535589	AFR
HG03058	1733704	1733704	-0.283035	0.0175909	0.00111337	-0.00195913	-0.04542	-0.00192337	-0.0178562	0.0105446	0.0611917	-0.000780816	AFR
HG03060	1728592	1728592	-0.285956	0.0181971	0.00100033	0.000602971	-0.0382917	-0.00495169	-0.0204222	0.013984	0.0608077	0.00515202	AFR
HG03061	1724094	1724094	-0.285214	0.0173014	0.00122896	-8.92787e-05	-0.0412239	-0.000103593	-0.0185577	0.0148736	0.0719666	-0.00543321	AFR
HG03064	1728608	1728608	-0.285485	0.0194606	-0.00037367	-0.000512673	-0.0370017	-0.000919578	-0.0192372	0.00881956	0.0739742	0.00163259	AFR
HG03072	1729508	1729508	-0.284721	0.0191236	-0.00121501	-0.00101306	-0.0397336	-0.00599633	-0.0253266	0.0133031	0.0523833	-0.00867799	AFR
HG03074	1733334	1733334	-0.287135	0.0175505	0.000346861	-0.0010095	-0.040388	-0.00139256	-0.0220626	0.0110787	0.0733689	-0.00798858	AFR
HG03076	1728358	1728358	-0.281421	0.0163085	0.000172821	0.00164644	-0.0396305	0.00212505	-0.017404	0.0131745	0.0500759	0.00105669	AFR
HG03078	1733114	1733114	-0.284578	0.0170688	-0.00175948	0.000413737	-0.038461	-0.00412354	-0.0191771	0.0130162	0.0664577	0.000384537	AFR
HG03079	1733258	1733258	-0.285145	0.0194527	-0.000303027	0.00087403	-0.0373696	-0.00191654	-0.0190558	0.0124229	0.0782627	-0.0108572	AFR
HG03081	1732228	1732228	-0.288446	0.0198637	-0.000225795	0.000822467	-0.0361228	-0.0029404	-0.016424	0.00875241	0.0684605	-0.00814148	AFR
HG03082	1733418	1733418	-0.283641	0.0167919	-0.00253119	-0.000161323	-0.0441773	-0.00243858	-0.0262294	0.016286	0.0611834	-0.00249405	AFR
HG03085	1734106	1734106	-0.284357	0.0184203	0.000765963	0.000166874	-0.0381802	-0.00358528	-0.0185691	0.00921882	0.0852482	-0.0123791	AFR
HG03086	1727734	1727734	-0.283256	0.0182763	-0.00178281	0.000599999	-0.039809	-0.00283445	-0.0182751	0.00616772	0.0736018	-0.0152493	AFR
HG03096	1734568	1734568	-0.284048	0.0190689	-0.000469783	0.00181174	-0.0406345	-0.00060031	-0.0214236	0.0101048	0.0577149	-0.00982522	AFR
HG03100	1734658	1734658	-0.285909	0.0187611	-0.000154715	0.00149825	-0.000548097	0.00394769	0.0492768	-0.0243529	-0.0168271	-0.00212203	AFR
HG03105	1732232	1732232	-0.290009	0.0178169	-0.000980317	-0.00246652	0.00113298	0.00111615	0.0479401	-0.0271865	-0.0250706	-0.00821537	AFR
HG03108	1733850	1733850	-0.289085	0.0180367	0.0004017	0.00270586	-0.00174269	0.00644315	0.0546692	-0.0266936	-0.0281563	-0.0083543	AFR
HG03111	1730240	1730240	-0.289137	0.0205204	0.000494766	0.0021508	0.00567236	0.000477648	0.0369941	-0.0190558	-0.00133101	-0.0144631	AFR
HG03112	1734268	1734268	-0.288427	0.0178676	-0.00168428	-0.00221172	0.00546642	0.000930667	0.038314	-0.0204599	-0.00722579	-0.0200852	AFR
HG03114	1734588	1734588	-0.287355	0.0191628	0.00113127	0.00192456	-0.00151739	0.00642875	0.0508073	-0.024722	-0.0169718	-0.0172984	AFR
HG03118	1733460	1733460	-0.288568	0.0164554	0.00147025	0.000475339	0.00221801	0.00546821	0.047725	-0.0234559	-0.015184	-0.0103886	AFR
HG03121	1734188	1734188	-0.289555	0.0207211	-0.000284282	-5.71941e-06	-0.000471453	0.00504668	0.0464284	-0.0269302	-0.0277572	-0.010684	AFR
HG03132	1732098	1732098	-0.288829	0.0186859	-0.00259099	0.00036209	-0.00272535	0.00192002	0.0404462	-0.0225929	-0.0105333	-0.006337	AFR
HG03133	1734144	1734144	-0.287108	0.019325	-0.00287901	-0.00103887	-0.00685978	0.00541045	0.0469341	-0.0269337	-0.0356123	-0.0188319	AFR
HG03136	1731146	1731146	-0.286376	0.0185427	-0.00064307	0.00129214	2.86665e-05	0.00271317	0.0504864	-0.0255955	-0.0199678	-0.0200866	AFR
HG03139	1733816	1733816	-0.287311	0.0175292	-5.6135e-06	-0.000516771	0.0047422	0.000245582	0.0484031	-0.0214751	-0.0156612	-0.00638511	AFR
HG03159	1734082	1734082	-0.2907	0.0186149	0.00151101	0.000268845	0.00091724	0.00259957	0.0425539	-0.0235265	-0.0133633	-0.0173603	AFR
HG03160	1705868	1705868	-0.288842	0.0186832	-0.0016209	-0.00360193	-0.00501751	0.00627688	0.0444582	-0.0258329	-0.0283472	0.00312924	AFR
HG03162	1734340	1734340	-0.287245	0.0180249	0.00105281	-0.000691544	0.00438369	0.00567447	0.0477221	-0.0186126	-0.0260556	-0.00760495	AFR
HG03163	1727744	1727744	-0.287407	0.0192598	-0.00124441	-0.000749233	0.00170475	0.00699687	0.0507571	-0.0259546	-0.0185972	-0.0300658	AFR
HG03166	1734162	1734162	-0.29113	0.0205227	-0.0024767	0.000601257	-0.00134986	0.00598621	0.0500939	-0.0267046	-0.0335997	-0.0158271	AFR
HG03168	1733948	1733948	-0.286044	0.0186575	0.00271371	-0.00127515	0.00472311	0.00484524	0.0385217	-0.0226886	-0.0182294	-0.000614982	AFR
HG03172	1731160	1731160	-0.285655	0.0175786	-0.0026253	-0.0037586	-0.00136477	0.00262026	0.0393182	-0.0183542	-0.0115596	-0.0102832	AFR
HG03175	1727368	1727368	-0.290661	0.0187369	-0.000385603	-0.000736014	-0.00357531	0.000925828	0.0484951	-0.0251609	-0.0240444	-0.018061	AFR
HG03189	1719606	1719606	-0.288247	0.0192544	-5.17542e-05	-0.00216948	-0.00126146	0.00141295	0.0429709	-0.0194656	-0.0114052	-0.0193785	AFR
HG03190	1734236	1734236	-0.286156	0.018361	-0.00450943	0.000428372	0.00616598	0.0039165	0.0440469	-0.023878	-0.0291227	-0.0152184	AFR
HG03196	1734562	1734562	-0.286465	0.0169601	0.00041479	-0.00192961	0.000478596	0.00443441	0.0431947	-0.0247778	-0.0198354	-0.00135451	AFR
HG03198	1734668	1734668	-0.285315	0.0168269	0.00102598	0.000501302	-0.00104452	0.00404286	0.0532657	-0.0288448	-0.0142473	-0.0153768	AFR
HG03199	1728486	1728486	-0.291385	0.0155169	0.00293997	-0.00131513	-0.000685163	0.000541281	0.043908	-0.0220257	-0.0251407	-0.0130205	AFR
HG03209	1733340	1733340	-0.287482	0.0190618	-0.000792949	-0.00208393	-0.0408059	-0.00442714	-0.0234607	0.0137537	0.0725988	-0.00352866	AFR
HG03212	1727106	1727106	-0.285957	0.0195601	-0.00235971	-0.000227432	-0.0390239	-0.00233504	-0.0172921	0.0113623	0.0735253	-0.0129929	AFR
HG03225	1732906	1732906	-0.287617	0.0165639	0.00243792	-0.000398593	-0.0366799	-0.00392668	-0.0195116	0.00927049	0.0668209	0.0031827	AFR
HG03241	1732934	1732934	-0.283015	0.0183495	0.00243232	0.00212286	-0.0543424	-0.00605454	-0.0463595	0.0208338	-0.0257467	0.0141359	AFR
HG03250	1723894	1723894	-0.272004	0.0113813	0.000605113	-0.000610559	-0.055548	-0.00561431	-0.0514017	0.0198788	-0.0295613	-0.00353349	AFR
HG03267	1730836	1730836	-0.286612	0.0198378	-0.00015756	-0.000891913	0.00269791	0.00306465	0.0411394	-0.0256066	-0.0305209	-0.0077025	AFR
HG03268	1733604	1733604	-0.287386	0.0208798	-0.000377686	0.000826786	-0.000237094	0.00442157	0.049656	-0.0229232	-0.0271	-0.0107192	AFR
HG03270	1732274	1732274	-0.290135	0.0200328	-0.000228001	-0.00161869	0.00169518	0.0053172	0.0438951	-0.023561	-0.0211477	-0.0128466	AFR
HG03271	1733162	1733162	-0.288188	0.0184315	-0.00144598	-0.000478731	0.000864296	0.00541845	0.0543861	-0.0249321	-0.0289422	-0.00690738	AFR
HG03280	1733194	1733194	-0.28969	0.0180287	0.000560737	0.000388132	0.00174347	0.00305436	0.0455045	-0.0257005	-0.0227936	-0.0105083	AFR
HG03295	1731318	1731318	-0.285215	0.0184835	-0.00300134	-0.00208858	-0.000903845	0.00278336	0.0405395	-0.0235377	-0.024251	-0.00862801	AFR
HG03298	1716878	1716878	-0.285832	0.0180154	0.000237769	0.00142697	0.00414245	0.00295825	0.0427148	-0.0207772	-0.0118003	-0.0213594	AFR
HG03306	1734352	1734352	-0.284659	0.0184216	0.00140269	0.00120697	0.00046969	0.00505006	0.0439031	-0.0260491	-0.021536	-0.0196784	AFR
HG03307	1732872	1732872	-0.285564	0.0160603	-0.000599103	-0.0023988	0.00423634	0.00645467	0.0475435	-0.0262723	-0.0179057	-0.00704675	AFR
HG03311	1733416	1733416	-0.290703	0.0187443	0.00183822	0.00208536	-0.00376475	0.00596866	0.0425945	-0.0279414	-0.0267044	-0.0193179	AFR
HG03339	1732362	1732362	-0.284722	0.0179389	-0.000305881	-0.000203196	-0.000534357	0.00853601	0.040913	-0.0249625	-0.0153595	-0.0137883	AFR
HG03342	1733854	1733854	-0.28543	0.0183948	0.000962431	0.00165126	0.00250395	0.0077691	0.0481762	-0.028421	-0.0268713	-0.00464122	AFR
HG03343	1729346	1729346	-0.287169	0.0185655	-0.000467234	-0.000965376	0.00334229	0.00374313	0.0459501	-0.0234775	-0.0169134	-0.0143926	AFR
HG03366	1730402	1730402	-0.293329	0.0197507	-0.00310238	0.00111877	0.00486166	0.00383414	0.0510091	-0.025273	-0.0304032	-0.0146898	AFR
HG03369	1730882	1730882	-0.286644	0.0196128	0.00190687	-0.000815268	0.0051669	0.00696642	0.03817	-0.0192192	-0.00991773	-0.0125995	AFR
HG03370	1734440	1734440	-0.293127	0.0208035	-0.00183691	0.000254939	0.000134957	0.00456056	0.0460435	-0.0249134	-0.021322	-0.00523225	AFR
HG03372	1733036	1733036	-0.286594	0.0194296	-0.00203282	0.00132946	0.00354571	0.00727467	0.0576297	-0.027715	-0.0314373	-0.0314053	AFR
HG03384	1734272	1734272	-0.282042	0.0193243	0.00010218	-0.000716176	-0.0375676	0.00125181	-0.0190037	0.0134592	0.0774777	-0.00872433	AFR
HG03385	1732254	1732254	-0.283946	0.0191447	9.09007e-05	0.00225478	-0.0345496	-0.00083642	-0.0230245	0.0147441	0.0757254	-0.0174577	AFR
HG03388	1733834	1733834	-0.282685	0.0169017	-0.00184791	-0.000973983	-0.0402584	-0.000819612	-0.0235788	0.0155092	0.0696313	-0.0105169	AFR
HG03393	1727216	1727216	-0.282651	0.018636	-0.000102188	-0.00137672	-0.0409033	-0.00529349	-0.0202402	0.0137639	0.0673789	0.00458857	AFR
HG03397	1732908	1732908	-0.28356	0.0183209	-0.00114709	0.000783017	-0.0414212	-0.000318856	-0.0202016	0.0109671	0.0552227	-0.0156558	AFR
HG03398	1729636	1729636	-0.283854	0.0182125	-0.00305087	0.000956273	-0.0383415	-0.00348497	-0.0181833	0.00579692	0.0781256	-0.00412467	AFR
HG03408	1731608	1731608	-0.282352	0.0177303	-0.000499424	0.00202226	-0.0344373	-0.00427383	-0.0238622	0.0112375	0.0693317	0.00333011	AFR
HG03410	1729860	1729860	-0.28572	0.0178785	0.000422445	0.0024907	-0.0459243	-0.00420659	-0.019149	0.0104066	0.0746925	-0.00656103	AFR
HG03432	1728834	1728834	-0.2828	0.0200597	0.000306126	0.000825728	-0.0356334	-0.00106419	-0.0193788	0.0118026	0.0452893	-0.00947759	AFR
HG03436	1723944	1723944	-0.28618	0.0180539	-0.000453167	0.000809968	-0.042444	0.00104087	-0.0215551	0.013827	0.072501	-0.0127011	AFR
HG03442	1733232	1733232	-0.285863	0.0185232	-0.00230006	-0.000382945	-0.0380672	-0.000654634	-0.0158835	0.0117767	0.0749055	-0.00244421	AFR
HG03446	1733662	1733662	-0.283424	0.0179707	0.00107352	0.000750597	-0.0441576	-0.000819074	-0.021695	0.0130571	0.0792283	-0.000576915	AFR
HG03449	1725824	1725824	-0.285705	0.0169322	6.48254e-05	-0.00113869	-0.0378166	-0.00233095	-0.0155906	0.0134019	0.0786861	-0.011821	AFR
HG03455	1731906	1731906	-0.284311	0.0191259	-0.00233217	-0.000783919	-0.0423028	0.00109278	-0.0179479	0.00998207	0.0600891	-0.00707886	AFR
HG03457	1733872	1733872	-0.28592	0.0161902	-0.00175207	-0.00136098	-0.0423714	-0.00292028	-0.0226848	0.0103432	0.0606461	-0.00788285	AFR
HG03460	1732828	1732828	-0.284513	0.0184035	-0.00149351	-0.00243518	-0.0449865	-0.00168136	-0.0232408	0.016992	0.0589163	0.0037427	AFR
HG03461	1729000	1729000	-0.283924	0.0185442	-0.00152067	-0.00143375	-0.0362009	-0.00292652	-0.0203128	0.0106464	0.0582913	-0.00121167	AFR
HG03464	1731680	1731680	-0.286968	0.0187194	0.00138362	-0.00285746	-0.0405721	-7.27642e-05	-0.0220697	0.0107387	0.0753537	-0.00771339	AFR
HG03466	1729156	1729156	-0.285841	0.0174384	-0.0019871	-0.00232714	-0.0416752	-0.00153377	-0.0227387	0.0194075	0.0682875	-0.0161626	AFR
HG03470	1733578	1733578	-0.28087	0.0186805	0.000647529	0.00128404	-0.0379657	-0.00533909	-0.0224877	0.015017	0.0600368	-0.0127097	AFR
HG03472	1727296	1727296	-0.283943	0.0179886	0.0005125	0.00187357	-0.0413918	0.000342348	-0.0218507	0.00931969	0.0342731	-0.0136764	AFR
HG03476	1726758	1726758	-0.283761	0.0166523	0.0015457	-0.00184546	-0.0350532	-0.000402931	-0.0233092	0.00896151	0.0714281	-0.0183184	AFR
HG03511	1733978	1733978	-0.287113	0.0162865	0.000494077	0.000133593	0.0048778	0.00791049	0.0524705	-0.0264417	-0.0140474	-0.0245287	AFR
HG03514	1728058	1728058	-0.28803	0.0178074	-0.00107242	-0.00110518	-5.14188e-05	0.00279858	0.0430534	-0.0254276	-0.00803027	-0.0149004	AFR
HG03517	1735008	1735008	-0.291514	0.0183466	0.00208663	0.000267849	0.00409286	0.00254866	0.0495706	-0.0267325	-0.0104654	-0.0105307	AFR
HG03521	1730860	1730860	-0.287487	0.0187666	-0.000503654	-3.53561e-05	0.00173336	0.00539895	0.0460455	-0.0263028	-0.0198087	-0.0135322	AFR
HG03539	1730530	1730530	-0.262959	0.00869303	-0.00279873	-0.00531968	-0.0561816	-0.00660863	-0.050661	0.016279	-0.0420859	0.0109507	AFR
HG03547	1727150	1727150	-0.285061	0.0182175	-0.0015485	0.000150921	-0.0465728	-0.0019403	-0.0224416	0.0153676	0.11529	-0.0155068	AFR
HG03558	1734152	1734152	-0.285751	0.0193181	-0.000857234	6.58884e-05	-0.0372704	0.00302669	-0.0208145	0.0113615	0.0678031	-0.00378907	AFR
HG03563	1733880	1733880	-0.281323	0.0184446	-0.00193896	-0.000535343	-0.0369573	-0.000829439	-0.0130893	0.00585087	0.062763	-0.00935963	AFR
HG03566	1724788	1724788	-0.287845	0.0171259	-0.000337906	-9.75346e-05	-0.0392792	-0.00095639	-0.0195459	0.013819	0.121789	-0.0201486	AFR
HG03572	1734366	1734366	-0.284879	0.0180845	-0.00170281	-0.00146947	-0.0400956	-0.00149739	-0.0207497	0.0181872	0.0733192	-0.00783418	AFR
HG03700	1733972	1733972	0.0894528	-0.0279277	0.0869989	0.0309958	-0.00289508	0.00563072	0.00416893	0.0075888	-0.00105531	-0.00289032	SAS
HG03717	1732074	1732074	0.0854189	-0.0186826	0.112532	0.0419385	-6.6556e-06	-0.00469622	-0.0018452	-0.00244774	-0.000780952	-0.0162859	SAS
HG03750	1729996	1729996	0.0845054	-0.0188787	0.0981687	0.0373493	0.000258723	-0.00453077	-0.00438065	-0.00289624	-0.00259983	-0.0193684	SAS
HG03800	1733792	1733792	0.0916797	0.0153166	0.086768	0.03021	-0.00156155	-0.00597618	0.00144969	0.00317376	4.52336e-05	-0.0174199	SAS
HG03842	1721418	1721418	0.0832921	-0.0186603	0.101748	0.0343108	-0.000278872	-0.00201637	0.000416224	-0.000497042	-0.00235917	-0.0197153	SAS
HG03844	1735574	1735574	0.085599	-0.0165662	0.0990863	0.0334258	-0.00152398	0.00814575	-0.000133098	-0.000603025	-0.00210128	-0.0219107	SAS
HG03901	1734948	1734948	0.0915977	2.9503e-05	0.0812988	0.0287844	-0.00126936	-0.00442553	-0.000322872	0.00242191	0.00229397	-0.0151004	SAS
HG03911	1734636	1734636	0.0924811	-0.0112445	0.0873348	0.0299183	3.89403e-05	0.000761814	0.0011016	0.00126028	-0.00502925	-0.0071259	SAS
HG04014	1731708	1731708	0.0881177	-0.0125847	0.0984963	0.0335762	-0.00289865	-0.00453234	0.000187846	-0.00333847	0.000849024	-0.0161627	SAS
NA07056	1730802	1730802	0.0932558	-0.130622	-0.0258664	-0.037385	-0.00268008	0.00115897	0.00633029	0.00600956	0.000544302	0.0120808	EUR
NA07357	1730814	1730814	0.0945218	-0.129309	-0.0306274	-0.0372393	0.000581587	-0.00111139	0.00497871	0.00694042	0.00103438	0.00347534	EUR
NA11992	1734384	1734384	0.0905735	-0.136177	-0.0282526	-0.0389379	0.00275696	-0.00189116	0.00327857	0.00625631	0.00139417	0.00381359	EUR
NA11995	1733784	1733784	0.091623	-0.139559	-0.0288104	-0.0437763	-0.000480165	-0.000828831	0.00701354	0.00823192	0.00367687	0.00526668	EUR
NA12234	1734012	1734012	0.0937012	-0.130302	-0.0282967	-0.0398855	0.000529982	0.000182555	0.00420882	0.00293348	0.00432947	0.0170383	EUR
NA12275	1733760	1733760	0.0920532	-0.129625	-0.0320454	-0.0368439	0.000198637	0.00488642	0.00460624	0.00727255	-0.000351694	-0.00169656	EUR
NA12343	1732608	1732608	0.0905589	-0.129024	-0.0276251	-0.040358	-0.000475622	-0.00128371	0.00305158	0.00411906	0.00192708	0.00922214	EUR
NA12750	1733742	1733742	0.0929534	-0.128907	-0.027461	-0.0381773	-0.00263138	0.0056218	0.00587792	0.00424605	0.000992335	0.0108935	EUR
NA18486	1731584	1731584	-0.286417	0.0196575	-0.000770115	-0.000299155	-0.00215636	0.00421458	0.028764	-0.010953	0.00779381	0.00969872	AFR
NA18487	1733544	1733544	-0.284101	0.0185003	-0.00175988	1.55189e-05	-0.00579178	0.00378868	0.0306245	-0.0177753	-0.0198173	-0.00376312	AFR
NA18489	1724720	1724720	-0.283686	0.0180408	-0.00139998	-0.000969993	-0.00296907	0.00149706	0.027509	-0.0149415	0.0025382	-0.00209781	AFR
NA18498	1732772	1732772	-0.285122	0.0170791	-0.000725621	-0.00153878	-0.00338818	0.00716133	0.0359903	-0.0193079	-0.00368605	0.0275027	AFR
NA18504	1732068	1732068	-0.29357	0.0201122	-0.00144758	0.000660497	0.00738307	0.00498452	0.0484324	-0.0185318	-0.0186287	0.000675429	AFR
NA18505	1731622	1731622	-0.294799	0.0173672	-0.0020061	-0.00252766	-0.000593524	0.00684933	0.0441781	-0.0214993	-0.0127371	0.00545522	AFR
NA18509	1731646	1731646	-0.281438	0.0183143	-0.000250595	-0.00094218	0.0007101	0.00351422	0.0250568	-0.0126368	-0.0059072	-0.00330394	AFR
NA18516	1733966	1733966	-0.295692	0.0177444	-0.00172629	-0.000665549	-0.0115835	0.00482603	0.031545	-0.0159553	-0.00968496	0.0147096	AFR
NA18519	1731028	1731028	-0.288883	0.017698	-0.00300771	-0.00221244	-0.00111224	0.00597841	0.0347412	-0.0194305	-0.0185679	0.00535381	AFR
NA18520	1733346	1733346	-0.283468	0.016032	0.00213617	0.000500039	-0.0031711	0.00135183	0.0336357	-0.0213165	-0.00626724	0.0151983	AFR
NA18522	1731474	1731474	-0.291275	0.0169433	-0.00210529	-0.00015573	-0.00213748	5.75524e-05	0.0296278	-0.0184843	0.00321703	0.018944	AFR
NA18538	1716110	1716110	0.118248	0.161462	-0.0196292	-0.0290055	-0.00057943	0.0320487	-0.00730167	-0.00955925	-8.10941e-05	0.00921619	EAS
NA18561	1733080	1733080	0.123091	0.164828	-0.013946	-0.0261931	0.000859777	0.0303813	-0.00637602	-0.00745566	0.000830323	-0.00276108	EAS
NA18616	1734004	1734004	0.126468	0.172361	-0.0118399	-0.0321221	-0.000278652	0.00607795	-0.000625341	-0.00293752	0.00241729	0.00406998	EAS
NA18625	1735686	1735686	0.124486	0.168145	-0.0201796	-0.0274222	0.000924764	0.028786	-0.00774798	-0.00370821	0.000610398	0.00776374	EAS
NA18630	1733120	1733120	0.12393	0.170872	-0.0148566	-0.0364696	6.1784e-05	-0.00799399	0.00097716	0.000379069	3.02428e-05	0.00754385	EAS
NA18636	1733410	1733410	0.11976	0.17305	-0.0131017	-0.0370537	0.00177645	-0.00843631	0.0010764	0.00273327	-0.00100712	0.0024547	EAS
NA18853	1733266	1733266	-0.293804	0.0182194	-0.00331665	-0.000536402	-0.00440539	0.00408041	0.0309574	-0.0172663	-0.00214277	0.0036692	AFR
NA18856	1731722	1731722	-0.289457	0.0182549	-0.000988755	0.000239345	-0.00359026	0.0045271	0.0365424	-0.0176282	0.00217285	0.0113901	AFR
NA18858	1732750	1732750	-0.291253	0.0179418	-0.000495926	0.00143091	-0.00364737	0.00564326	0.0351515	-0.0178069	-0.000136852	0.00592087	AFR
NA18859	1733552	1733552	-0.291432	0.0204111	4.00151e-05	0.00015771	-0.00982027	0.00265377	0.0362437	-0.0210979	-0.00569713	0.0151581	AFR
NA18861	1734246	1734246	-0.285643	0.0197777	0.00108673	0.000523941	-0.00157274	0.00750132	0.032694	-0.0188935	-0.00979879	0.0131346	AFR
NA18867	1728152	1728152	-0.285199	0.0190521	-0.000711116	-0.00188344	-0.00192216	0.00194142	0.0292701	-0.017677	-0.00077288	0.0157746	AFR
NA18870	1732120	1732120	-0.292103	0.0180611	-0.00337182	-0.00387532	0.00312447	0.00696581	0.0528428	-0.0256101	-0.014526	0.00771404	AFR
NA18871	1732354	1732354	-0.29377	0.019982	0.000728779	0.00169455	-0.00667417	0.00647538	0.035806	-0.0170406	-0.00413757	0.0149861	AFR
NA18873	1730326	1730326	-0.28593	0.0189677	-0.000796881	-0.00141944	-0.00286154	0.00117979	0.0305383	-0.0152257	-0.00908592	0.00906961	AFR
NA18877	1731356	1731356	-0.288286	0.0171878	-0.00301247	0.000261783	-0.00471913	0.00228531	0.0298808	-0.0157678	0.00503306	0.00823682	AFR
NA18881	1734224	1734224	-0.286954	0.0170567	0.00207523	0.00103771	-0.00994695	0.00113726	0.0245788	-0.0144777	-0.01083	0.0105308	AFR
NA18907	1729394	1729394	-0.286083	0.0182816	-0.000589238	-0.00114711	0.00274119	0.00366002	0.0349309	-0.015215	-0.00730512	0.0119619	AFR
NA18910	1731430	1731430	-0.282792	0.01833	-0.000624099	0.00131063	-0.000173843	0.00682433	0.0334609	-0.0134969	-0.0107219	0.00191395	AFR
NA18913	1732220	1732220	-0.285934	0.0181915	-0.000283742	0.000618238	0.00104189	0.00280061	0.0305858	-0.0151478	-0.00938523	-0.00793929	AFR
NA18916	1734182	1734182	-0.288124	0.0172029	-0.0010124	0.000868328	-0.0075279	0.00397264	0.0319707	-0.0162678	0.00891568	0.00431558	AFR
NA18917	1726106	1726106	-0.288166	0.0171784	-0.00345334	-0.00278475	0.0020298	0.0025169	0.0230263	-0.0133263	-0.00495744	-0.00701613	AFR
NA18933	1732848	1732848	-0.289205	0.0200952	-0.00155169	-0.00166553	0.00429844	0.00397674	0.0362647	-0.0200424	0.00671907	0.0101227	AFR
NA18939	1731322	1731322	0.123081	0.16606	-0.0141805	-0.021991	-0.000592645	0.0756242	-0.0192165	-0.0235211	0.00101508	0.00105999	EAS
NA19017	1732638	1732638	-0.267019	0.0141461	0.00119495	-0.0023458	0.0805437	-0.00335557	-0.02724	0.0184399	0.00605544	-0.00113964	AFR
NA19023	1731022	1731022	-0.266753	0.0157534	-0.000397621	-0.000811918	0.0809089	-0.00261296	-0.0253574	0.0195929	0.00639943	-0.00483878	AFR
NA19024	1733984	1733984	-0.260885	0.0114448	0.00340313	-0.000100642	0.078474	-0.00183391	-0.026772	0.0236335	-0.00221442	-0.0016205	AFR
NA19025	1728868	1728868	-0.264748	0.0146657	0.00162264	-0.00113361	0.0838587	-0.00178741	-0.0276227	0.020155	0.00779323	0.0243087	AFR
NA19026	1734608	1734608	-0.260856	0.0120985	0.000232533	-0.00264618	0.0850924	-0.00060299	-0.0331059	0.0242427	-0.00205256	0.0181885	AFR
NA19028	1733238	1733238	-0.254316	0.0113041	0.00231036	-0.00197515	0.0911061	-0.000550018	-0.0392001	0.0272464	0.000386123	0.0123784	AFR
NA19031	1730754	1730754	-0.255678	0.0119612	0.00394723	-0.00343938	0.0807376	0.000997335	-0.0263054	0.0193893	-0.00434525	-0.00948168	AFR
NA19037	1734146	1734146	-0.260131	0.0128468	0.00282671	-0.00370258	0.0926553	-0.00282632	-0.0410781	0.0224846	0.0035824	-0.00721223	AFR
NA19038	1733432	1733432	-0.264949	0.0128251	0.00128055	-0.0020583	0.0806999	-0.0022459	-0.031112	0.0211079	-0.00320935	-0.00332382	AFR
NA19041	1733168	1733168	-0.258819	0.015193	0.00174366	-0.00189527	0.078193	-0.00321678	-0.0314214	0.020436	-0.00516691	-0.00143573	AFR
NA19042	1734100	1734100	-0.251826	0.00996212	0.00147723	-0.0021461	0.0887648	-0.00238111	-0.0431522	0.0212099	-0.00865691	-0.00367364	AFR
NA19056	1733248	1733248	0.120479	0.161174	-0.0123268	-0.0217729	0.00122014	0.079186	-0.0209277	-0.0189138	0.000202079	-0.0089099	EAS
NA19092	1724834	1724834	-0.289107	0.0186248	-0.00114965	-0.00174416	-0.000419781	0.0029388	0.0324626	-0.0179734	0.00146117	0.00857281	AFR
NA19093	1731618	1731618	-0.282774	0.0193535	0.00109015	-0.000963091	0.000570948	0.00528149	0.0409434	-0.018442	-0.0084651	0.00418989	AFR
NA19096	1731142	1731142	-0.288573	0.0188749	2.86445e-05	0.0010578	-0.00599011	0.00442929	0.0340505	-0.0158225	-0.0087849	0.0122234	AFR
NA19099	1712766	1712766	-0.290985	0.0183787	-7.0646e-05	0.000442383	-0.00681968	0.005555	0.0305397	-0.0170053	-0.00648633	0.0140554	AFR
NA19101	1732274	1732274	-0.289153	0.0189336	0.000546448	-0.000694854	-0.00527843	0.00210443	0.0380403	-0.0193288	-0.00987654	0.0133722	AFR
NA19108	1733878	1733878	-0.286501	0.0193286	-0.000813293	-5.95698e-05	-0.00330764	0.00746139	0.0275546	-0.0136201	0.000275861	0.0100321	AFR
NA19114	1730864	1730864	-0.287835	0.0172583	-0.00078344	-0.000541976	-0.00242145	0.00561768	0.0342736	-0.0201347	-0.0036609	0.00885291	AFR
NA19116	1732838	1732838	-0.288867	0.0186027	-0.00155442	-0.00136358	0.00108987	0.00283652	0.0415812	-0.0201718	0.00772385	0.0164559	AFR
NA19117	1733376	1733376	-0.289375	0.0191044	0.00045978	-0.000435721	-0.00422149	0.00302524	0.0341581	-0.016863	-0.00134632	0.013417	AFR
NA19118	1731750	1731750	-0.279245	0.0138954	-0.00250578	-0.00193615	-0.00238104	0.00332214	0.0249198	-0.0144057	-0.02006	0.00867319	AFR
NA19119	1732248	1732248	-0.289767	0.0193214	-0.000265043	-0.000556293	0.000204979	-0.000381157	0.035613	-0.0209231	-0.00557576	0.00348965	AFR
NA19122	1734746	1734746	-0.287176	0.0190615	-0.00125164	-0.000934119	-0.0090645	0.00356923	0.0269745	-0.0113714	-0.00240878	8.40708e-06	AFR
NA19127	1728022	1728022	-0.286425	0.0196816	-0.00175107	-0.00195208	-0.00594595	0.00331048	0.031551	-0.0177202	0.000883921	0.000670045	AFR
NA19128	1733752	1733752	-0.283383	0.0179853	-0.000631435	-0.000144802	-0.000986241	0.00531291	0.0280752	-0.0168298	0.0044921	0.006114	AFR
NA19131	1730838	1730838	-0.290565	0.0188226	-0.0005731	0.000412581	0.00104906	0.00698327	0.0336846	-0.0214623	0.00493442	0.00761605	AFR
NA19137	1732012	1732012	-0.289202	0.0166357	-0.000127035	0.00144127	-0.0021417	0.00664137	0.0384811	-0.0168963	0.0042339	0.00872078	AFR
NA19141	1733862	1733862	-0.286878	0.0190811	0.00199882	-0.000760514	-0.00547873	0.0071493	0.0337368	-0.0205829	0.00032457	0.0082898	AFR
NA19143	1733520	1733520	-0.289123	0.0175289	-0.00138883	-0.000560654	0.000269784	0.00196488	0.030013	-0.0153881	0.00104835	0.00819049	AFR
NA19144	1734282	1734282	-0.286978	0.0201115	0.000101069	-0.000440052	-0.00368513	0.00680229	0.0317384	-0.0142284	-0.000344376	0.0229492	AFR
NA19146	1734078	1734078	-0.289006	0.0195501	-0.000383984	0.000894986	-0.00231395	0.0028325	0.0348604	-0.0213592	-0.0071906	0.00238979	AFR
NA19160	1732704	1732704	-0.289395	0.0181077	-0.0025531	0.000181773	-0.00138545	0.0051817	0.0375332	-0.0216151	-0.00697007	0.000988152	AFR
NA19175	1730288	1730288	-0.288202	0.0182968	-0.000536988	0.00147842	-0.00151797	0.0019759	0.0271229	-0.0161183	-0.011724	0.0177795	AFR
NA19184	1733702	1733702	-0.285756	0.0196833	-0.000848371	0.000198106	0.0029902	0.00526373	0.0401178	-0.0218902	-0.00578702	0.00593536	AFR
NA19185	1730962	1730962	-0.286283	0.0167165	-0.00117913	-0.000665712	0.00400888	0.00530932	0.0406908	-0.0205937	-0.00272524	0.00468507	AFR
NA19190	1734188	1734188	-0.28575	0.0201393	0.000632128	0.00192482	0.0024543	0.00220444	0.0331276	-0.0172405	0.00271108	0.00857983	AFR
NA19197	1729466	1729466	-0.285635	0.0183362	-0.00140327	-0.00184599	0.00331846	0.00446737	0.0410561	-0.0193986	-0.00158303	0.0125967	AFR
NA19201	1733454	1733454	-0.291006	0.0168993	-0.00113562	-0.000588766	0.00752255	0.00922589	0.0381833	-0.0224995	-0.0113004	0.00590225	AFR
NA19203	1729068	1729068	-0.288926	0.0195607	7.39567e-05	-0.00183346	-0.0070162	0.00136869	0.0335898	-0.0124256	-0.00852938	0.0112207	AFR
NA19204	1731232	1731232	-0.286868	0.019289	-0.00174937	3.01354e-05	0.00288891	0.00569238	0.0343901	-0.0143912	-0.0031535	0.0175497	AFR
NA19206	1728270	1728270	-0.290276	0.0175456	-0.00260552	0.000301258	-0.0026304	0.00458521	0.0404801	-0.0210115	-0.00690823	0.0138713	AFR
NA19210	1733082	1733082	-0.288832	0.0164791	-0.00125416	-7.5663e-05	-0.0070925	0.0029763	0.0386207	-0.0175762	-0.000301478	0.00120055	AFR
NA19213	1729538	1729538	-0.285647	0.0178095	-0.00211277	0.000484881	0.00104074	0.0059663	0.0346397	-0.0149255	-0.000664936	-0.00849111	AFR
NA19223	1729870	1729870	-0.288535	0.0203717	-0.00114697	-0.00270813	0.00504841	0.00142736	0.0416281	-0.0212149	-0.00807345	-0.0175381	AFR
NA19226	1728394	1728394	-0.285566	0.0188938	0.000264986	-0.000697503	-0.00236415	0.00751693	0.0412214	-0.0208141	-0.00535175	0.00500997	AFR
NA19235	1714808	1714808	-0.289229	0.0175266	-0.0029668	-2.56114e-05	-0.000554095	0.00653295	0.0348137	-0.0185364	0.00514999	-0.00150529	AFR
NA19236	1732808	1732808	-0.290367	0.017644	0.00157084	-0.00170463	-0.00167966	0.00315058	0.0295509	-0.0166769	-5.00621e-06	0.0129769	AFR
NA19239	1733654	1733654	-0.291094	0.0189465	0.000795579	-0.00355698	-1.1744e-05	0.00510335	0.0319329	-0.0156059	0.0030899	0.0188934	AFR
NA19307	1733014	1733014	-0.259486	0.0137195	0.00361247	-0.00362686	0.091708	-0.00252901	-0.0331823	0.022151	0.00163047	0.000865075	AFR
NA19310	1734060	1734060	-0.265675	0.0169877	0.00222641	0.000137294	0.0863503	-0.00153671	-0.0243688	0.0217941	0.002117	-0.0126805	AFR
NA19311	1734314	1734314	-0.251858	0.0116154	0.00101341	-0.0043424	0.0857654	-0.00342278	-0.0436205	0.0214033	-0.0162462	-0.0115276	AFR
NA19314	1733520	1733520	-0.248762	0.0105996	0.00272425	-0.00321265	0.0871895	-0.00235975	-0.0326969	0.0194167	0.0107359	0.00874848	AFR
NA19315	1730436	1730436	-0.254487	0.0112014	0.00150303	3.6011e-05	0.0817704	-0.002721	-0.0270369	0.0176986	-0.00510533	0.00127334	AFR
NA19316	1731616	1731616	-0.257265	0.0124771	0.00255357	-0.00184528	0.0874209	-0.00218813	-0.0322897	0.0225424	-0.0120148	-0.00435056	AFR
NA19317	1731234	1731234	-0.265709	0.0145161	0.00280506	-0.00147232	0.0859804	-0.000187872	-0.0299404	0.0214313	0.00434427	-0.00150174	AFR
NA19318	1732954	1732954	-0.263909	0.0135304	0.00236891	-0.00288534	0.0914961	-0.000300611	-0.0287004	0.0217492	0.00176242	0.00605231	AFR
NA19321	1733688	1733688	-0.258203	0.0140052	0.00103448	-0.0031855	0.0816662	-0.00265156	-0.0308044	0.0227487	0.00509835	0.00555646	AFR
NA19324	1732626	1732626	-0.261373	0.0134009	0.00178528	-0.000813893	0.0762747	-0.000609981	-0.027534	0.017213	0.00403266	0.00223312	AFR
NA19332	1732862	1732862	-0.2594	0.0141333	0.00364489	-0.00304559	0.0771899	-0.00244165	-0.0305307	0.0203395	-0.00323659	0.00107248	AFR
NA19338	1728392	1728392	-0.258356	0.011653	0.0014104	-0.00182118	0.0812609	0.00141866	-0.0362897	0.024387	-0.000210619	0.00105696	AFR
NA19346	1733506	1733506	-0.266078	0.0148671	0.00257424	-0.000708365	0.0840803	0.00107371	-0.031852	0.0205615	-0.0151731	0.00411795	AFR
NA19350	1730706	1730706	-0.258194	0.0126945	-0.000355291	-0.00328236	0.0874398	0.000624685	-0.0381379	0.0227624	-0.00260998	-0.0175186	AFR
NA19351	1731808	1731808	-0.265112	0.0150453	0.00052765	-0.00222703	0.0839939	-0.000154296	-0.0360889	0.0206515	-0.00553648	-0.00415508	AFR
NA19372	1729904	1729904	-0.264202	0.0139594	0.00150416	-0.00143653	0.0748563	-0.00355145	-0.0355382	0.0213762	0.00172035	0.00140438	AFR
NA19373	1729384	1729384	-0.257567	0.013306	0.00250942	-0.000913909	0.0866457	0.000743146	-0.0380773	0.025931	0.00909484	-0.00698201	AFR
NA19375	1728522	1728522	-0.25785	0.0118976	0.000177288	-0.00181714	0.0937686	-0.00284758	-0.0297313	0.0213594	0.00116579	-0.0053648	AFR
NA19376	1729622	1729622	-0.267279	0.0153204	0.00326591	-0.00208916	0.0981447	0.000790644	-0.0379577	0.0262156	-0.0107395	0.00172695	AFR
NA19377	1731822	1731822	-0.262182	0.0102924	0.00159333	-0.00213015	0.0815598	-0.000411666	-0.031447	0.0229668	0.00187772	-0.0101865	AFR
NA19378	1730326	1730326	-0.260326	0.0125244	-0.000311681	-0.00265574	0.0794486	0.00383587	-0.0292277	0.0186739	-0.0060165	-0.00482225	AFR
NA19379	1732874	1732874	-0.262473	0.0125408	0.00258367	-0.00324788	0.0838989	-0.00397486	-0.0285826	0.0202491	0.00725012	0.00352498	AFR
NA19381	1733324	1733324	-0.251421	0.0110704	0.00307768	-0.00291331	0.0825405	-0.0019657	-0.0289384	0.0213099	0.00716872	-0.00481634	AFR
NA19385	1716720	1716720	-0.257323	0.010799	0.00237307	-0.0029336	0.0871731	-0.00216934	-0.0375822	0.0241152	-0.00177255	0.00543221	AFR
NA19390	1732818	1732818	-0.257944	0.0156561	0.00118621	-0.00227337	0.0848184	-0.00125259	-0.0320311	0.0227897	-0.00791161	-0.0021979	AFR
NA19399	1724014	1724014	-0.265803	0.0141475	0.00240196	-0.00132197	0.0845359	-0.00211319	-0.0249033	0.0215473	0.00761566	0.00558521	AFR
NA19403	1732204	1732204	-0.251943	0.00952089	0.00194581	-0.00331185	0.0822349	-0.00591496	-0.0268854	0.0177299	0.00212873	0.0103208	AFR
NA19404	1731326	1731326	-0.263482	0.0149779	0.00188115	-0.000678666	0.0833347	-0.00284905	-0.0297339	0.0176711	-0.00180365	0.00332307	AFR
NA19428	1730166	1730166	-0.261189	0.0121057	-4.63824e-06	-0.00142731	0.0847472	0.00123749	-0.0313127	0.0203563	-0.00933682	-0.00150669	AFR
NA19429	1726462	1726462	-0.261963	0.0156414	0.00281496	-0.000251419	0.0828583	-0.00593997	-0.030354	0.0232778	0.00866935	0.00309397	AFR
NA19430	1734238	1734238	-0.263794	0.0125046	0.000557035	-0.000452407	0.0925208	-0.000660932	-0.0405351	0.0242766	-0.00377947	0.00329502	AFR
NA19431	1730756	1730756	-0.267052	0.0165243	0.000165493	-0.00174108	0.0845141	-0.00316036	-0.0275618	0.0203008	0.00726519	-0.00817233	AFR
NA19434	1730194	1730194	-0.257656	0.0132515	-1.61815e-05	-0.000919437	0.0897416	0.000469403	-0.0318895	0.0202731	-0.00333419	-0.00107532	AFR
NA19436	1733342	1733342	-0.261786	0.0147163	0.000501183	-0.000304792	0.0792098	0.000408196	-0.025325	0.0190859	0.00370456	-0.00264415	AFR
NA19437	1733590	1733590	-0.25043	0.0113083	0.00202806	-0.00200276	0.082663	-0.00225357	-0.0308341	0.0197007	-0.00955804	0.000783046	AFR
NA19438	1728010	1728010	-0.262624	0.0162933	0.00140741	-0.00167574	0.0743237	0.00110992	-0.0266257	0.0183079	0.00349334	-0.00264587	AFR
NA19439	1716812	1716812	-0.260197	0.014273	0.00153091	-0.00114608	0.080653	-0.00154746	-0.0359601	0.0169571	-0.0114273	-0.00243054	AFR
NA19440	1732842	1732842	-0.261317	0.0141777	0.000383484	-0.00265404	0.0776802	-0.00339671	-0.0287366	0.0166498	0.00545014	-0.00337375	AFR
NA19445	1728302	1728302	-0.262026	0.0157283	0.00212079	-0.00295884	0.0811112	0.00123311	-0.027535	0.0171485	-0.00367935	-0.00609872	AFR
NA19446	1734298	1734298	-0.264175	0.0124343	0.00174943	-0.000324973	0.0843284	-0.00260037	-0.0294032	0.0233062	-0.00365534	0.00539457	AFR
NA19449	1728674	1728674	-0.26089	0.014814	0.000770679	-0.000334644	0.078734	-0.00123366	-0.0295659	0.0201558	-0.00338843	0.0101602	AFR
NA19452	1731610	1731610	-0.255732	0.0130062	0.00278033	-0.00386302	0.0877285	-0.00229525	-0.0347171	0.0228738	0.00554176	-0.00945616	AFR
NA19454	1733576	1733576	-0.261978	0.0136653	-0.000519828	-0.00284485	0.0782443	0.000350414	-0.0268471	0.0174894	0.0097896	-0.00045913	AFR
NA19455	1734000	1734000	-0.256996	0.0128564	0.00182428	-0.00495555	0.0837516	-0.00508564	-0.0350356	0.0219576	-0.000936378	0.00255217	AFR
NA19457	1731678	1731678	-0.260041	0.012929	0.0039407	-0.00231751	0.0733707	-0.00382226	-0.0305006	0.0192851	-0.00229466	-0.00826093	AFR
NA19462	1730256	1730256	-0.269247	0.016128	-0.000187388	-0.00112686	0.0772079	-0.00204071	-0.0243296	0.0185832	0.0104413	-0.00299904	AFR
NA19463	1728036	1728036	-0.255231	0.0120774	0.00172062	-0.000474344	0.0805175	-0.00683021	-0.0383536	0.0238056	-0.000716931	-0.00129377	AFR
NA19468	1732676	1732676	-0.261532	0.0141642	0.00215997	-0.00135288	0.085303	0.00111174	-0.0294722	0.0191238	-0.00567612	0.00141152	AFR
NA19471	1730106	1730106	-0.254174	0.0128078	0.00130455	-0.00193777	0.0821207	-0.00507735	-0.0326764	0.024797	0.00557009	0.00985557	AFR
NA19472	1732714	1732714	-0.254743	0.0112996	0.00334321	-0.000370425	0.0838039	-0.000561151	-0.0282256	0.0213367	0.004016	0.00146258	AFR
NA19475	1731174	1731174	-0.254723	0.0132727	0.00258418	-0.00355815	0.0797302	-0.00300563	-0.0305294	0.0234501	0.00627509	-0.00239227	AFR
NA19669	1731370	1731370	0.0920862	-0.0512115	-0.0565883	0.0389185	0.00378338	-0.000546765	-0.00836706	-0.00976764	-0.00495271	-0.00617507	AMR
NA19676	1717220	1717220	0.0812394	-0.0646131	-0.0558988	0.0344463	-0.00117992	-0.00428509	-0.0108391	-0.0128268	0.00136662	0.00387608	AMR
NA19701	1729666	1729666	-0.219067	-0.00161396	-0.00481948	0.00208149	-0.00420073	-3.6048e-05	0.00992486	-0.0029068	0.00680209	-0.000582235	AFR
NA19707	1734998	1734998	-0.177131	-0.0180752	-0.00794458	-0.0094201	0.00504125	-0.00235106	0.00853013	0.000757376	0.00819539	0.00674859	AFR
NA19711	1734684	1734684	-0.240584	0.00107648	-0.00682467	-0.00543256	-0.00375039	-0.000409854	0.00901603	-0.000753951	0.0107442	-0.000209278	AFR
NA19712	1734754	1734754	-0.239322	0.00367977	-0.00298636	-0.0020593	-0.0065262	0.00233407	0.0100335	-0.00156086	0.00876135	-0.000148791	AFR
NA19714	1735320	1735320	-0.138925	-0.0341551	-0.0122487	-0.0158327	-0.00547713	0.000195686	0.00562275	0.00212708	0.00868954	0.0117199	AFR
NA19731	1734182	1734182	0.120622	0.0686224	-0.118708	0.195508	0.00089073	0.00450926	0.00423751	0.00901757	-0.000413075	0.00760015	AMR
NA19762	1733034	1733034	0.083712	0.00509073	-0.0866722	0.113779	0.000820287	-0.000918555	-0.000620641	0.00165667	-0.00209121	0.000479367	AMR
NA19764	1733706	1733706	0.0816308	-0.043186	-0.0657469	0.0533538	0.00107204	-0.00902185	-0.00408633	-0.0113049	-0.00252102	-0.000482168	AMR
NA19818	1735328	1735328	-0.178073	-0.020236	-0.00667986	-0.00731849	-0.00713631	0.00325893	0.0144385	-0.00529721	0.000186809	0.0192685	AFR
NA19819	1734586	1734586	-0.178473	-0.022087	-0.00669099	-0.00633057	-0.00096695	0.00157443	0.00468591	5.38668e-05	0.0150078	0.00876233	AFR
NA19835	1734784	1734784	-0.215725	-0.00298115	-0.00465773	-0.0100574	0.00500918	0.00279442	0.0148054	0.000148161	0.0135491	0.0160741	AFR
NA19909	1732496	1732496	-0.233071	0.00245177	-0.00548359	0.0031933	-0.00528564	-0.00148234	0.00772318	-0.00479209	0.014156	0.00987365	AFR
NA19917	1734018	1734018	-0.246258	0.00297501	-0.00619771	-0.00307463	-0.00625684	-0.000189364	0.00627131	0.0033148	-0.00270131	0.0116945	AFR
NA19920	1733068	1733068	-0.248164	0.00375731	-0.00277585	-0.00325512	-0.00623027	0.00363036	0.00384215	-0.0030549	0.0213578	0.0103615	AFR
NA19921	1735004	1735004	-0.121659	-0.0204292	-0.0180447	0.00418736	-0.00112919	-0.00157029	0.00723242	0.00522736	0.0124273	-0.00705247	AFR
NA19922	1733384	1733384	-0.168523	-0.0237168	-0.0097969	-0.00917427	-0.00187737	0.00128025	0.00765373	0.00104506	0.01995	0.00567986	AFR
NA20278	1732854	1732854	-0.0897377	-0.0601781	-0.0158399	-0.0207267	-0.00179578	0.00343991	0.00483168	-0.00130129	-6.87347e-06	0.000303087	AFR
NA20281	1735010	1735010	-0.220836	-0.00337915	-0.00448683	-0.00805172	0.00252006	-0.00286296	0.0115099	-0.00304822	0.00272598	0.0113425	AFR
NA20284	1734160	1734160	-0.169207	-0.0233793	-0.0120476	-0.0105929	0.00232548	-0.00192392	0.00569357	-0.00364308	0.0110983	0.00335546	AFR
NA20290	1732876	1732876	-0.236014	0.00274535	-0.00400734	-0.0065366	-0.00401562	0.00279906	0.0109964	-0.00929654	0.00830681	0.00614323	AFR
NA20298	1727974	1727974	-0.251964	0.0116703	-0.00382289	-0.000105558	-0.00214934	-0.00132213	0.0118499	-0.00203809	0.00822814	0.00581126	AFR
NA20318	1729254	1729254	-0.1725	-0.0175037	-0.0131147	-0.00308384	-0.00522208	-0.00462737	0.0109184	-0.00160649	0.0139383	0.0192214	AFR
NA20335	1733982	1733982	-0.190723	-0.0168697	-0.00763217	-0.00684319	-0.00235888	0.00312515	0.0154822	-0.000426196	0.00112375	0.0237972	AFR
NA20339	1731240	1731240	-0.229843	0.00625112	-0.00911838	0.00673602	0.00137952	-0.00160277	0.00739515	-0.00220131	0.00799261	-0.00484885	AFR
NA20345	1734930	1734930	-0.203445	-0.0119284	-0.00501278	-0.00894657	-0.00368387	-0.00236547	0.0153204	0.000616686	0.00257056	0.0142473	AFR
NA20346	1735106	1735106	-0.217563	0.000684978	-0.00716188	-0.00594403	-0.00768795	-0.00027867	0.0100177	-0.00293057	0.000557342	-0.00598116	AFR
NA20348	1735154	1735154	-0.220356	-0.00190779	-0.00514085	-0.00735197	-0.00449383	0.000746675	0.0061669	-0.00191745	-0.00542478	0.00413562	AFR
NA20351	1731522	1731522	-0.15689	-0.027222	-0.00895553	-0.0129006	0.00208225	-0.00169736	0.0139638	-0.00597479	0.00536541	0.00428141	AFR
NA20356	1735128	1735128	-0.232376	0.000306636	-0.00325275	-0.00322385	-0.000332119	0.00409176	0.000947436	-0.00621428	0.00798229	0.00713217	AFR
NA20357	1733688	1733688	-0.241186	0.00581175	-0.00284503	-0.00167919	0.00140617	0.000897181	0.0119709	-0.00383837	0.0142241	-0.00347358	AFR
NA20412	1734898	1734898	-0.193261	-0.00926695	-0.010079	0.000290341	-0.000871085	0.0046708	0.0146867	0.000224455	0.00554835	0.0209668	AFR
NA20755	1732266	1732266	0.0866784	-0.132235	-0.019304	-0.0389928	0.00328363	-0.00834265	-0.0129817	-0.028818	0.00210553	0.00654541	EUR
NA20868	1734632	1734632	0.0867619	-0.0313816	0.101772	0.0382391	0.00137859	0.0042803	0.00084671	0.00353094	0.00148126	0.072554	SAS
NA20902	1734208	1734208	0.0883856	-0.0300583	0.102461	0.0402491	-0.00121609	0.00312461	0.00278967	0.00281271	-0.000135223	0.0753093	SAS
NA21101	1735560	1735560	0.0888039	-0.0317629	0.0930052	0.0347253	-0.000178149	0.00260783	0.00153498	0.00240157	0.000766326	0.048801	SAS
HG00107	1734746	1734746	0.096861	-0.129104	-0.0339057	-0.0376961	0.000425211	-0.000658329	-0.00491357	0.0135722	0.000693466	0.0045305	EUR
HG00143	1732556	1732556	0.0935237	-0.132209	-0.0314375	-0.035347	-0.00121695	-0.000245507	-0.00428915	0.0051309	-0.000737863	0.00742274	EUR
HG00159	1735550	1735550	0.0936482	-0.131416	-0.0325899	-0.0385284	-0.00164983	-0.000192082	-0.0043461	0.00618389	3.83746e-05	0.00693087	EUR
HG00267	1735430	1735430	0.0999086	-0.107659	-0.0311971	-0.0350512	-0.00533474	-0.0184005	-0.0284125	0.0807862	0.00341446	-0.00868126	EUR
HG00326	1735800	1735800	0.0990333	-0.111572	-0.0380457	-0.0354962	-0.0013412	-0.0201347	-0.0257426	0.0772099	0.00304071	0.00127461	EUR
HG00355	1734604	1734604	0.0997406	-0.11723	-0.034371	-0.034914	-0.00131456	-0.0165098	-0.0247345	0.0615319	0.00373647	-0.00265709	EUR
HG01049	1734284	1734284	0.00893688	-0.068831	-0.0402005	0.00314375	0.000421565	0.00798739	0.00500353	-0.0188039	-0.000694838	0.00178787	AMR
HG01102	1730930	1730930	0.0295992	-0.080369	-0.0400604	0.00102249	-0.0023387	0.0081829	0.0110325	-0.0194983	0.000800841	-0.00703877	AMR
HG01105	1735134	1735134	0.0626038	-0.10216	-0.0356792	-0.0153241	-0.000643411	0.000564312	0.00886279	-0.0229102	-0.000364556	-0.00256067	AMR
HG01108	1732612	1732612	-0.141468	-0.0264821	-0.0218481	0.00316475	-0.00829558	-0.000830659	0.000952103	-0.00747289	-0.0235933	0.0145462	AMR
HG01161	1732152	1732152	0.0283907	-0.069356	-0.0431212	0.00614987	0.000247629	0.00694365	0.0120885	-0.0224457	0.00478686	-0.011392	AMR
HG01350	1735510	1735510	0.0764185	-0.0366938	-0.0651266	0.065687	0.000290396	0.00266324	0.00415408	-0.0140567	0.0025281	-0.00522219	AMR
HG01351	1735892	1735892	0.0927353	-0.0705163	-0.0592089	0.0337953	0.00269024	0.00459543	0.00820664	-0.0172727	-0.000784162	-0.00693517	AMR
HG01468	1730294	1730294	0.087674	-0.0913811	-0.047516	0.00796413	-0.000278777	0.00808743	0.0137532	-0.0332755	-0.000940955	-0.0111042	AMR
HG01485	1730538	1730538	-0.0315446	-0.0202246	-0.0437379	0.0450771	-0.0035325	0.00382576	0.00398238	-0.0066037	0.000992493	-0.0067579	AMR
HG01486	1733574	1733574	0.0896789	-0.0534703	-0.0658659	0.0522191	0.00139087	0.00870532	0.00845877	-0.0179539	0.000534707	-0.00394127	AMR
HG01489	1735318	1735318	0.0865253	-0.101274	-0.0402158	-0.00624238	0.00197274	0.00678301	0.00842127	-0.0271352	-0.000545725	-0.00505545	AMR
HG01846	1730162	1730162	0.119618	0.166473	-0.00513024	-0.0382163	-0.00142686	0.039948	-0.00260682	0.00662692	-0.00326171	-0.00173419	EAS
HG01890	1734960	1734960	-0.234518	-0.000219066	-0.00609575	-0.00392649	0.00274165	0.0016494	-0.0192901	-0.00976954	-0.0102561	0.025649	AFR
HG01923	1727390	1727390	0.120172	0.0654968	-0.130025	0.210119	0.00115997	0.0086601	-0.00628156	0.0144364	0.000739767	0.0106367	AMR
HG01932	1735684	1735684	0.116316	0.0312611	-0.112951	0.179111	0.00243444	0.0103068	-0.00393552	0.00638206	0.000465606	0.00647394	AMR
HG01935	1735632	1735632	0.112468	0.0222165	-0.108063	0.162777	-0.000894849	0.011654	-0.00116279	0.00777976	-0.000260945	0.00509864	AMR
HG01941	1735490	1735490	0.0939916	0.0484332	-0.10918	0.176273	0.00092064	0.00176058	-0.00255531	0.00859844	-0.00139871	0.00144053	AMR
HG01948	1735728	1735728	0.0483197	0.0460401	-0.0881259	0.141796	-0.000107814	0.00926316	-0.00452454	0.00316843	0.00126256	0.0140381	AMR
HG01956	1735068	1735068	-0.255671	0.00264952	-0.00592904	-0.00493351	0.00934477	-0.000463888	-0.0208618	-0.00571152	-0.0250526	0.0268657	AFR
HG01988	1733696	1733696	-0.117703	-0.0508277	-0.0131614	-0.0151171	-0.00180141	0.000423293	-0.0100012	0.0025944	-0.00930043	0.0174139	AFR
HG02013	1727712	1727712	-0.268399	0.0130936	-0.000378378	-0.00175297	0.0044944	-0.000322204	-0.0232825	-0.00111409	-0.0123189	0.0173415	AFR
HG02014	1718358	1718358	-0.237265	-0.00248423	-0.00363153	-0.00639904	-0.00264436	0.0028088	-0.011374	-0.00714739	-0.0151481	0.0233846	AFR
HG02048	1723356	1723356	0.119931	0.164802	-0.00888523	-0.038585	0.000206106	0.0452409	-0.00308831	0.00738755	-0.000986959	3.38636e-05	EAS
HG02051	1730564	1730564	-0.275772	0.0165276	-0.00330712	-0.00086147	0.0011674	-0.0014788	-0.0166848	-0.00303607	-0.0155591	0.0206197	AFR
HG02054	1732564	1732564	-0.230825	-0.00160603	-0.00518561	-0.00565496	0.000233626	-0.00166679	-0.0157325	-0.00395178	-0.0143777	0.0130683	AFR
HG02089	1735066	1735066	0.106601	0.00648367	-0.0967524	0.137764	-0.00170966	0.0047969	-0.00160467	0.0032812	-0.000927418	0.0043288	AMR
HG02095	1734114	1734114	-0.253973	0.00919222	-0.000902608	-0.00405408	0.000442336	-0.00118197	-0.0192201	-0.00822326	-0.0125723	0.0197243	AFR
HG02111	1732404	1732404	-0.253585	0.00844032	-0.00289433	-0.00441021	0.00593713	-0.00391487	-0.0235025	-0.00465747	-0.0130928	-0.000641442	AFR
HG02223	1729910	1729910	0.0864092	-0.130458	-0.0296892	-0.0405181	0.000499176	0.004597	0.00687387	-0.020094	0.000721879	-0.00542643	EUR
HG02239	1734910	1734910	0.0806023	-0.123298	-0.0232962	-0.0328785	4.7604e-05	0.00449479	0.0119181	-0.0267917	0.0010655	-0.00263845	EUR
HG02252	1734706	1734706	0.105216	0.0100157	-0.0950686	0.131776	-0.000188075	0.00459722	-0.00229137	0.00124355	0.00104532	-0.00290655	AMR
HG02255	1726894	1726894	-0.250054	0.00978515	-0.00346506	-0.00182885	0.00525436	0.000913066	-0.0139148	-0.00458149	-0.00260968	0.0209184	AFR
HG02278	1724894	1724894	0.11513	0.058061	-0.120008	0.201387	0.00120164	0.00602373	-0.00435584	0.011465	0.000289741	0.00188958	AMR
HG02283	1729926	1729926	-0.206763	-0.00999829	-0.00566058	-0.00763665	0.00332635	0.002555	-0.0138858	-0.0072751	-0.0076569	0.0272678	AFR
HG02307	1734834	1734834	-0.258126	0.00857018	0.00174776	-0.00174005	-0.00434227	-0.00121469	-0.0142236	-0.00302511	-0.0154448	0.0193912	AFR
HG02309	1731876	1731876	-0.241829	0.00173599	-0.00400846	-0.00276676	0.00080614	-0.00344404	-0.0174427	0.000689204	-0.00100878	0.0239717	AFR
HG02332	1734464	1734464	-0.248582	0.00327333	-0.0054599	-0.00448265	-0.00219589	-0.00174848	-0.0245756	-0.00382727	-0.0236772	0.0173882	AFR
HG02334	1734066	1734066	-0.189937	-0.0174548	-0.00859012	-0.0119811	0.00105541	-0.000178728	-0.0188808	0.00169537	-0.00511986	0.0172861	AFR
HG02420	1727148	1727148	-0.123087	-0.0449559	-0.0141056	-0.0222243	0.000883352	-0.000396818	-0.00569655	0.00119527	0.00168087	0.00422345	AFR
HG02429	1734136	1734136	-0.249027	0.00242442	-0.00158368	-0.0051103	0.00491746	-0.00385608	-0.0169782	-0.00850874	-0.0126905	0.0151031	AFR
HG02455	1732278	1732278	-0.225743	-0.00127033	-0.0008746	-0.00358006	0.00149166	0.00115748	-0.0165197	-0.000305565	-0.00544665	-0.00690424	AFR
HG02470	1734642	1734642	-0.258375	0.00736444	-0.00128908	-0.00254628	-0.00207883	-0.00419139	-0.0185593	-0.00906301	-0.0121308	0.0121473	AFR
HG02471	1734846	1734846	-0.253894	0.00611753	-0.00415534	-0.00311483	0.00104509	0.000117243	-0.0211682	-0.00412947	-0.0164693	0.0184002	AFR
HG02484	1733774	1733774	-0.243236	0.00255214	-0.00150269	-0.00602151	0.00353905	-0.00730571	-0.0213308	-0.00343869	-0.0269289	0.0157705	AFR
HG02496	1732308	1732308	-0.253405	0.00653393	-0.00351469	-0.00404378	-0.000270522	0.00415907	-0.0238383	-0.00583951	-0.0146443	0.015842	AFR
HG02497	1734894	1734894	-0.26268	0.0105538	-0.00351096	-0.000152734	0.00448002	0.00426438	-0.0207517	-0.00667282	-0.0110149	0.0220881	AFR
HG02501	1731432	1731432	-0.206215	-0.0126212	-0.00517937	-0.00801042	0.00411726	0.0024372	-0.014293	-0.0047784	-0.00905007	0.0113087	AFR
HG02502	1733804	1733804	-0.213951	-0.00518916	-0.00658217	-0.00754973	-0.0066402	0.00175326	-0.0164007	-0.00183035	-0.0172516	0.0183401	AFR
HG02545	1730674	1730674	-0.24879	0.00612732	-0.00114907	-0.00260799	0.00254984	0.00191788	-0.0261987	-0.003629	-0.00631807	0.0143388	AFR
HG02567	1730960	1730960	-0.271544	0.0142349	0.00101418	0.00170063	-0.0640705	0.00263531	0.040503	0.0123826	0.0506498	0.00657394	AFR
HG02571	1730656	1730656	-0.276963	0.014854	0.000485408	-0.00155269	-0.0678899	-0.00270983	0.0345642	0.0076211	0.032249	0.0109479	AFR
HG02573	1732196	1732196	-0.27156	0.0133939	-0.000158029	-0.00146671	-0.0658448	-0.000858283	0.0365945	0.00967809	0.0388812	0.00532204	AFR
HG02574	1732404	1732404	-0.265836	0.00905599	-0.0033596	-0.00252305	-0.0611364	0.00105037	0.0390974	0.011598	0.0308002	-0.0035587	AFR
HG02577	1731524	1731524	-0.204015	-0.0145435	-0.00717412	-0.00975067	-0.00279602	-0.00239986	-0.0151972	0.000501736	-0.0128265	0.00986399	AFR
HG02583	1730440	1730440	-0.278828	0.0145153	0.00100039	-0.000589904	-0.0713903	0.000798913	0.044804	0.011113	0.0369136	0.00861304	AFR
HG02594	1701414	1701414	-0.274022	0.0145263	-0.000247016	-0.00162138	-0.0641625	-0.00163092	0.041846	0.014292	0.0575185	-0.0141069	AFR
HG02624	1728602	1728602	-0.275938	0.0163607	0.00157245	-0.000325954	-0.0745684	0.00108114	0.0454738	0.0131229	0.0760169	0.00439998	AFR
HG02628	1733990	1733990	-0.276825	0.0180327	0.0013244	-0.00152785	-0.0696976	0.000693892	0.0406354	0.0137024	0.0196956	-0.00543439	AFR
HG02629	1733730	1733730	-0.275307	0.0150231	-0.000261534	-5.85538e-05	-0.0686363	-0.000397282	0.0389431	0.0126273	0.0201789	0.0135409	AFR
HG02642	1728932	1728932	-0.271762	0.0152761	0.000588744	-0.00207875	-0.0678211	-0.00170086	0.0482781	0.019387	0.0595961	0.00967839	AFR
HG02676	1727572	1727572	-0.26704	0.0126532	-0.00142893	-0.00457134	-0.0641316	-0.00115535	0.0377917	0.00685726	0.0247192	-0.00430738	AFR
HG02684	1731806	1731806	0.0859301	-0.0330172	0.0904686	0.0266216	-0.00146906	-0.0043618	0.00212755	-6.71443e-05	-0.000535653	-0.0170625	SAS
HG02721	1725670	1725670	-0.272337	0.0138105	0.000626535	-0.00228907	-0.0699327	0.00198595	0.041791	0.0126666	0.028724	0.0108821	AFR
HG02756	1734520	1734520	-0.276523	0.0137714	-0.000454921	0.000871781	-0.0746304	0.0002575	0.041899	0.0156131	0.0395272	-0.00400198	AFR
HG02768	1732710	1732710	-0.27646	0.0166249	0.000634903	-0.000375792	-0.0637381	0.00218122	0.0459218	0.0161048	0.0267526	0.0103505	AFR
HG02769	1731830	1731830	-0.273254	0.0168596	0.000556698	0.000176617	-0.0617718	-0.000830238	0.0344282	0.00888019	0.0210905	0.00349969	AFR
HG02808	1731012	1731012	-0.270189	0.0124858	-0.00185974	-0.00198828	-0.0678822	-0.00107827	0.0386004	0.00705694	0.0404811	0.0102301	AFR
HG02813	1732318	1732318	-0.276586	0.0150246	-0.00131764	-0.000628559	-0.0771929	0.00276525	0.0439876	0.00820663	0.0571875	0.0108559	AFR
HG02814	1728170	1728170	-0.277459	0.0162151	0.00144562	0.000429246	-0.0634765	-0.00126105	0.0374762	0.0138461	0.0308293	0.0112782	AFR
HG02851	1713296	1713296	-0.277175	0.0140816	-0.00229743	-0.00127058	-0.0465616	-0.000654832	0.0199403	0.00350095	-0.000791204	-0.000463209	AFR
HG02852	1731014	1731014	-0.271383	0.0112282	0.0014245	-0.000776373	-0.0707578	0.00152025	0.0432178	0.0100666	0.0539455	0.0181832	AFR
HG02861	1734466	1734466	-0.271255	0.0149153	-0.00411875	0.000542327	-0.0746219	0.00034355	0.0529248	0.0125245	0.0524901	0.0206695	AFR
HG02888	1731824	1731824	-0.273713	0.0143265	-0.000516018	-0.000537383	-0.065719	-0.00132319	0.0398622	0.014204	0.0431549	0.0175589	AFR
HG02938	1734744	1734744	-0.285084	0.0172732	-0.000842604	0.00352243	0.0113085	0.00105283	-0.0456999	-0.0176849	0.00330829	-0.0265847	AFR
HG02947	1734496	1734496	-0.286506	0.018976	0.0001251	-1.87869e-05	0.0179674	0.00254533	-0.0366401	-0.0127678	-0.00106537	-0.0311318	AFR
HG02970	1732900	1732900	-0.2862	0.0183354	-0.000462567	-0.000739241	0.0137443	-0.00211968	-0.0424937	-0.00911603	0.0125757	-0.026514	AFR
HG02971	1732884	1732884	-0.287823	0.0161576	0.000990262	-0.00124747	0.0155512	-0.000577662	-0.043548	-0.011562	0.0210411	-0.0338277	AFR
HG02982	1730566	1730566	-0.274299	0.0157265	-0.000934008	-0.00167292	-0.0693671	0.000225992	0.0436634	0.0156055	0.0458174	0.0214233	AFR
HG02983	1733982	1733982	-0.271901	0.0132352	0.000631528	-0.00103554	-0.0675297	-0.00159769	0.0391796	0.0138823	0.0441783	-0.00726341	AFR
HG03024	1734000	1734000	-0.275249	0.0145476	0.000466844	0.000943704	-0.0662504	0.00316425	0.0423348	0.0161405	0.0252444	-0.00429768	AFR
HG03025	1728710	1728710	-0.278718	0.0167503	-0.00331859	-0.00179081	-0.0613459	0.000184558	0.0413769	0.0155964	0.0244009	-0.00749064	AFR
HG03027	1734552	1734552	-0.276507	0.0156985	0.00325117	0.000400835	-0.065742	0.00164251	0.0382216	0.013218	0.020669	4.1099e-05	AFR
HG03045	1733748	1733748	-0.26855	0.0164479	0.000513981	-0.00274159	-0.0605528	-0.00110764	0.0383434	0.00745189	0.0318134	-0.000278395	AFR
HG03046	1735074	1735074	-0.27086	0.0137862	0.00219941	-0.000887193	-0.0611623	3.92047e-05	0.036665	0.00880308	0.0286975	-0.0089727	AFR
HG03052	1733144	1733144	-0.282502	0.0171816	0.000718133	-0.000713742	-0.0337221	-0.000984682	0.016475	0.00781762	-0.0680133	-0.0150679	AFR
HG03054	1731820	1731820	-0.284717	0.0199489	-6.0483e-05	-0.00117381	-0.0453775	0.000895044	0.0119112	0.00697502	-0.0876125	-0.00629602	AFR
HG03063	1732440	1732440	-0.28031	0.0203408	0.00168671	0.00243766	-0.0449599	-0.00304361	0.0146613	0.00390702	-0.0623974	0.00450878	AFR
HG03066	1732462	1732462	-0.282514	0.0168228	0.00158659	0.00181725	-0.0384081	-0.00326894	0.0154024	0.00384318	-0.0612861	-0.01145	AFR
HG03091	1732386	1732386	-0.284206	0.0158142	6.58112e-05	3.49872e-05	-0.038512	-0.000646541	0.0126652	0.00814681	-0.0595239	-0.0131632	AFR
HG03097	1734186	1734186	-0.285143	0.0176305	-0.00200101	-0.00152715	-0.0387793	0.00135741	0.0118403	0.0110656	-0.0741419	-0.00889679	AFR
HG03103	1734002	1734002	-0.285004	0.0190804	-0.000471673	0.00138775	0.0141699	-0.00038057	-0.0486776	-0.0133848	0.0250365	-0.000547394	AFR
HG03115	1734684	1734684	-0.287557	0.0185487	-0.000582825	-0.000350363	0.0147987	0.00120564	-0.0433767	-0.016524	0.0157426	-0.00504815	AFR
HG03120	1734460	1734460	-0.285812	0.0171402	0.00077233	0.000507539	0.0154124	0.000295591	-0.0465841	-0.0167069	0.0376219	-0.0491156	AFR
HG03127	1727152	1727152	-0.286827	0.0214098	-0.00297102	-0.00026976	0.0183476	0.000432057	-0.0519881	-0.0188062	0.0188447	-0.0207135	AFR
HG03130	1732752	1732752	-0.283529	0.0211877	-0.00103091	-0.00195453	0.0147095	-0.000956708	-0.0431671	-0.0126905	0.0180799	-0.020253	AFR
HG03135	1728658	1728658	-0.288123	0.0201093	-0.000368787	-0.00193485	0.0165413	-0.00569624	-0.0393312	-0.0138211	0.0104108	-0.00407943	AFR
HG03193	1733400	1733400	-0.28269	0.0215279	-0.00186357	0.00144896	0.0195473	-0.000163673	-0.0468613	-0.0108768	0.0360836	-0.0389077	AFR
HG03224	1733764	1733764	-0.283247	0.0175153	0.000283632	0.00130972	-0.0395599	-0.00122524	0.00601478	0.00201538	-0.0790451	-0.0136828	AFR
HG03237	1733102	1733102	0.0877064	-0.0604193	0.0633735	0.0168997	0.000241803	-0.00248298	-0.00364712	-0.000230082	-0.00169529	0.000395943	SAS
HG03240	1733490	1733490	-0.276785	0.0159941	-0.00167694	0.000507598	-0.0717207	0.000991364	0.0447304	0.0180293	0.027028	0.0134862	AFR
HG03246	1728932	1728932	-0.272486	0.0130401	-0.000965094	-0.000666941	-0.0744495	-0.000567343	0.0430422	0.0109355	0.0509609	-0.00837731	AFR
HG03258	1732938	1732938	-0.273846	0.0152098	0.000796376	-0.000363914	-0.0698135	-0.000333992	0.0387916	0.0111672	0.0366097	-0.00882808	AFR
HG03265	1732096	1732096	-0.289895	0.016592	-0.00229175	-0.000443886	0.0137019	-0.00180423	-0.0491489	-0.0175424	0.0218259	-0.0318134	AFR
HG03279	1732944	1732944	-0.282397	0.0166829	0.00142199	0.00134552	0.0182389	-0.00152254	-0.0456703	-0.0195558	0.0255354	-0.0267559	AFR
HG03297	1732022	1732022	-0.288931	0.0172538	0.00033659	-0.00232574	0.0158964	-0.00450047	-0.0435712	-0.0168659	0.00888142	-0.0296202	AFR
HG03300	1733010	1733010	-0.284107	0.0200903	0.000435898	-0.00078751	0.018795	0.000579445	-0.0466527	-0.0150978	0.0218999	-0.0452421	AFR
HG03303	1731216	1731216	-0.284592	0.0175262	0.000639974	-0.0014379	0.016794	-0.00134889	-0.0416978	-0.0135948	0.0186062	-0.0467775	AFR
HG03304	1732742	1732742	-0.283112	0.0158313	0.000330775	-0.00182909	0.0116724	0.00034019	-0.0495438	-0.0222093	0.0231255	-0.0355999	AFR
HG03309	1732698	1732698	-0.286004	0.017827	0.0011243	-0.00133562	0.017265	-0.00181894	-0.0484542	-0.0182428	0.0230401	-0.0615458	AFR
HG03312	1730874	1730874	-0.28344	0.0183344	-0.00151956	0.00071973	0.0159085	-0.00360971	-0.0401305	-0.0122805	0.0177424	-0.00854284	AFR
HG03313	1728716	1728716	-0.284752	0.0182913	9.14641e-05	-0.000274558	0.0194405	-5.04665e-06	-0.0456187	-0.0204714	0.0104387	-0.0170552	AFR
HG03351	1733218	1733218	-0.288008	0.0175576	0.000597958	-0.000139047	0.019166	0.00447521	-0.038728	-0.0126732	0.0151734	-0.0162498	AFR
HG03363	1730028	1730028	-0.283306	0.0196388	0.000511573	0.00133935	0.0168166	-0.00259456	-0.04309	-0.0133427	0.0347112	-0.0316991	AFR
HG03367	1718806	1718806	-0.287487	0.0164811	-0.000442185	-0.000457519	0.0138528	-0.00256597	-0.0521041	-0.0181954	0.0163207	-0.0268861	AFR
HG03419	1732230	1732230	-0.279235	0.0181797	0.0010551	-0.00079943	-0.0401261	-0.000751263	0.00647638	0.00605775	-0.0649834	-0.0183818	AFR
HG03433	1730760	1730760	-0.283989	0.0192015	0.00265641	0.00173301	-0.0429706	0.000410069	0.0101667	0.00375356	-0.0594051	-0.00568269	AFR
HG03437	1731492	1731492	-0.280481	0.0177664	-0.000383152	-2.84701e-05	-0.0463172	0.000774106	0.0173766	0.0085042	-0.0463018	-0.000230423	AFR
HG03445	1723408	1723408	-0.280956	0.0158988	-0.000663742	-0.00101109	-0.0412524	0.00346668	0.0103752	0.00482814	-0.0679173	-0.024956	AFR
HG03452	1734160	1734160	-0.280243	0.0177688	-0.00013182	-0.000701072	-0.0378734	0.00169793	0.0109752	0.00529261	-0.0680523	-0.00233985	AFR
HG03462	1729614	1729614	-0.285395	0.0177393	0.000621122	0.000794834	-0.0381512	0.00185353	0.0100736	0.00683639	-0.0658341	-0.0352222	AFR
HG03473	1734300	1734300	-0.283306	0.0183506	0.000727473	0.000806463	-0.0472002	0.00286051	0.0118306	0.00358908	-0.0709565	-0.00439846	AFR
HG03478	1727262	1727262	-0.283445	0.0180712	0.00198605	-0.00198409	-0.042933	-0.00398027	0.0113449	0.00363633	-0.0760794	-0.00718248	AFR
HG03479	1733836	1733836	-0.28035	0.016602	0.000257737	0.00155793	-0.0406428	-0.00209223	0.012219	0.00589624	-0.0419599	-0.0209527	AFR
HG03499	1734632	1734632	-0.286264	0.018051	-0.000303549	0.000170656	0.0115923	-0.00386437	-0.0455485	-0.0180543	0.0129966	-0.0197067	AFR
HG03508	1728608	1728608	-0.28202	0.0170492	0.000459485	0.00016607	0.0171032	-0.00249499	-0.0454762	-0.0135862	0.0110017	-0.0251878	AFR
HG03515	1733702	1733702	-0.284889	0.0167818	0.000685826	0.00160561	0.0139188	0.00196382	-0.0374725	-0.0106058	0.018921	-0.0389104	AFR
HG03548	1730798	1730798	-0.285805	0.0173945	-0.00017423	0.00231662	-0.0427874	-0.00328957	0.00734641	0.00542838	-0.076656	-0.0154975	AFR
HG03549	1730370	1730370	-0.284495	0.0167269	-0.000927193	0.000233199	-0.0378557	-0.000403354	0.0119811	0.00807333	-0.0660415	-0.0205165	AFR
HG03557	1733832	1733832	-0.28131	0.0199514	-0.00145174	-0.00063429	-0.0326687	0.000497949	0.00453899	0.0088088	-0.0763325	-0.0304384	AFR
HG03565	1730548	1730548	-0.279679	0.0185733	0.00284568	0.00022294	-0.0416001	-0.00258693	0.00915656	0.00680547	-0.0663696	-0.0139493	AFR
HG03567	1728716	1728716	-0.283145	0.0178505	0.00144395	0.00166696	-0.0401007	-0.00200196	0.0130217	0.00964726	-0.051712	-0.00844044	AFR
HG03569	1732124	1732124	-0.280802	0.0189071	0.00171621	-0.000662196	-0.0383417	-0.00327732	0.00837339	0.00460985	-0.0651299	-0.0156235	AFR
HG03571	1729436	1729436	-0.281498	0.0172489	-0.00181932	-0.000447384	-0.0413663	-0.00257402	0.00946829	0.00852033	-0.0609467	-0.0184151	AFR
HG03577	1728174	1728174	-0.282091	0.0183511	0.00244222	-0.000850923	-0.0364193	-0.00114365	0.00432461	0.00189029	-0.0496508	-0.00660929	AFR
HG03752	1733340	1733340	0.0860868	-0.0240659	0.0987028	0.0339032	0.00213482	-0.00469038	0.000106556	3.87944e-06	0.00265892	-0.0134416	SAS
HG03985	1715202	1715202	0.0852592	-0.0105311	0.10863	0.0373895	-0.00158441	0.00169718	0.00373985	-0.00327709	0.000443531	-0.0269159	SAS
NA06984	1733242	1733242	0.0942995	-0.127088	-0.0339576	-0.0401956	-0.00204667	-0.000686431	-0.00523062	0.00645764	-0.000902271	0.003407	EUR
NA07045	1729584	1729584	0.0944631	-0.132691	-0.0358673	-0.0403313	-0.00395207	-0.0024618	-0.00106133	0.00331827	-0.000541005	0.00152781	EUR
NA11829	1726698	1726698	0.0963711	-0.132242	-0.0312175	-0.0376145	-0.00118494	-0.00629744	-0.00817582	0.0181926	-0.00021452	-0.00558772	EUR
NA18499	1727574	1727574	-0.285366	0.021176	-0.00165669	-0.000504319	0.00815552	-0.0025088	-0.0306509	-0.0139944	0.0221244	0.0228791	AFR
NA18501	1728308	1728308	-0.29054	0.0183491	0.000773917	-0.00225928	0.00827191	-0.00312404	-0.0360725	-0.0110017	0.00818027	0.0297259	AFR
NA18508	1726204	1726204	-0.29005	0.0189511	-0.00133299	-0.000866905	0.00763186	-0.00120456	-0.0319026	-0.0147876	-0.000198199	0.02422	AFR
NA18510	1732618	1732618	-0.284295	0.0196916	0.000117361	-0.000969718	0.00678711	0.00343622	-0.0261626	-0.00998952	-0.00876557	0.0349105	AFR
NA18523	1731022	1731022	-0.287898	0.0168963	0.000395828	0.00121376	0.00644908	-0.00212099	-0.0402303	-0.0140377	-0.00201032	0.0572646	AFR
NA18852	1734932	1734932	-0.285306	0.016096	-0.00129802	-0.00102722	0.0107697	-0.000417224	-0.0349739	-0.00912708	0.0115489	0.0306418	AFR
NA18862	1730246	1730246	-0.283891	0.0194356	0.000781358	-0.000806489	0.0111695	0.00157711	-0.0383583	-0.0108647	-0.00536844	0.0218992	AFR
NA18864	1734834	1734834	-0.28322	0.0181633	2.22239e-05	0.00057485	0.004308	-0.000957145	-0.0302697	-0.0116026	0.0157215	0.0220504	AFR
NA18876	1734966	1734966	-0.282555	0.0176375	-0.00107585	-0.00060335	0.0129463	-0.00104598	-0.0307411	-0.011748	-0.00758515	0.0341159	AFR
NA18879	1734260	1734260	-0.284127	0.0158757	-0.00151911	-0.00124818	0.00729922	0.00120058	-0.0264763	-0.0130757	-0.00298181	0.0144135	AFR
NA18908	1732314	1732314	-0.285317	0.0185697	-0.000760321	-0.00070229	0.00995501	-0.000560751	-0.0325898	-0.0097355	0.00372344	0.0376458	AFR
NA18909	1733126	1733126	-0.286478	0.01981	0.000496774	-0.00152395	0.0126332	-0.00157987	-0.0443479	-0.0124685	0.0084737	0.0216827	AFR
NA18915	1732778	1732778	-0.288514	0.0204305	-0.00177795	0.00167633	0.0162442	0.00254415	-0.0370761	-0.00800366	0.00235829	0.0403007	AFR
NA18967	1735472	1735472	0.12394	0.168228	-0.0208511	-0.0200135	-4.38602e-05	-0.0765385	0.00763558	-0.0126116	0.000450612	-0.000943313	EAS
NA19036	1728644	1728644	-0.260687	0.0131845	0.000883329	-0.000918801	0.0671506	0.00529944	0.0548918	0.0248593	0.00185234	0.0162294	AFR
NA19095	1731156	1731156	-0.287752	0.0190878	-0.00117279	0.000670993	0.0196464	0.000313594	-0.0358702	-0.00950368	0.00341805	0.0297846	AFR
NA19102	1732332	1732332	-0.288749	0.0182969	-0.000563542	-0.000500976	0.00709074	-0.00206977	-0.0339285	-0.0124103	-0.00188845	0.0151523	AFR
NA19104	1733646	1733646	-0.285533	0.017742	-0.00201388	-2.63892e-05	0.0060523	-0.0016933	-0.0396935	-0.0140298	0.00125118	0.0229342	AFR
NA19107	1731568	1731568	-0.28358	0.015473	-0.00126046	-0.00196897	0.0183843	-0.000548941	-0.038156	-0.0118474	0.0153886	0.00749369	AFR
NA19121	1729306	1729306	-0.284793	0.018439	-0.00153255	0.000250058	0.0104057	-0.000104549	-0.0322198	-0.0114249	0.00247317	0.0132794	AFR
NA19130	1733998	1733998	-0.286296	0.0197249	0.000367232	-0.000178587	0.0147768	-0.00282767	-0.0382053	-0.0156215	0.0109063	0.0223852	AFR
NA19140	1732998	1732998	-0.289731	0.0173522	-0.000242967	0.000167933	0.012602	-0.000372626	-0.0453669	-0.0150217	0.0246584	0.0186982	AFR
NA19147	1729642	1729642	-0.286889	0.0181785	1.05598e-05	0.00201965	0.0103756	-0.00206894	-0.0315298	-0.00934608	0.00763823	0.00532605	AFR
NA19149	1731186	1731186	-0.289824	0.0185381	0.000198777	-1.117e-05	0.0144684	-0.00248666	-0.0365502	-0.0130216	-0.0107872	0.0255922	AFR
NA19176	1733360	1733360	-0.280941	0.0181867	0.00161757	-0.000601213	0.00742503	-0.00218632	-0.0373649	-0.0145696	0.00307576	0.0264619	AFR
NA19207	1733786	1733786	-0.287141	0.0207066	-0.00256264	-0.000671753	0.0108764	-0.0038683	-0.040789	-0.0133653	0.00376455	0.00740739	AFR
NA19214	1733846	1733846	-0.285104	0.0186675	0.000779277	0.00277269	0.0119396	0.00214118	-0.0330985	-0.0136956	-0.00192374	0.00684829	AFR
NA19247	1724396	1724396	-0.282358	0.0180628	0.00170263	-0.000688566	0.00969922	0.00135334	-0.0329597	-0.0165368	0.00496273	0.0182367	AFR
NA19312	1733696	1733696	-0.262473	0.0128195	0.00134549	0.00100175	0.0803374	0.000929899	0.0603482	0.0220172	0.00518005	0.00277199	AFR
NA19323	1733662	1733662	-0.247279	0.0101492	0.00517633	-0.00389488	0.067611	0.000614997	0.0548949	0.0236262	0.00452131	-0.00103354	AFR
NA19327	1730218	1730218	-0.247682	0.0105948	0.00068056	-0.0041699	0.0747829	0.00525258	0.0620812	0.0201118	0.00362736	-0.0081166	AFR
NA19331	1732994	1732994	-0.256979	0.0123621	0.00331899	-0.00179571	0.0722053	0.00111969	0.0603482	0.025838	-0.00848057	0.00274823	AFR
NA19359	1707310	1707310	-0.262688	0.0139772	0.00198534	0.000637331	0.0821503	-5.08703e-05	0.0619095	0.0260566	0.010398	0.000335965	AFR
NA19360	1729906	1729906	-0.258528	0.0146807	0.00312086	-0.00277119	0.0750253	0.00447488	0.0585982	0.0269318	-0.00236997	-0.0024625	AFR
NA19380	1734140	1734140	-0.250653	0.0133649	0.00310737	-0.0029966	0.0871588	0.002669	0.0681322	0.0294098	-0.0106314	-0.00879051	AFR
NA19395	1729588	1729588	-0.251872	0.0123209	0.00221568	-0.00341888	0.0752347	0.000596966	0.0633698	0.0248363	0.0109199	0.0145053	AFR
NA19398	1734062	1734062	-0.259065	0.0134944	0.00366523	-0.00180366	0.0759377	0.000360787	0.0587368	0.023659	-0.00615751	-0.00508283	AFR
NA19401	1734122	1734122	-0.251806	0.0132228	0.000392821	-0.0017961	0.0784562	0.00376819	0.0585465	0.0245658	-0.0080237	0.00486093	AFR
NA19451	1732028	1732028	-0.261265	0.014284	0.000582836	-0.00141274	0.0756579	-0.00269367	0.0604117	0.0254389	0.000592676	-0.00432831	AFR
NA19467	1730578	1730578	-0.251746	0.0130946	0.0011164	-0.00186862	0.0741537	0.00214285	0.0560779	0.0242557	0.00557084	0.00224174	AFR
NA19473	1715720	1715720	-0.255828	0.0124113	-0.00161292	-0.00226337	0.0717975	0.000111283	0.057625	0.0211669	0.00609605	-0.00461692	AFR
NA19678	1733610	1733610	0.0700996	-0.0762784	-0.0486842	0.0149535	0.000443453	0.00126749	0.00509075	-0.010181	0.000137188	0.00241693	AMR
NA19684	1734012	1734012	0.0974809	-0.0651913	-0.0544459	0.0297881	-0.0011217	-0.00356727	-0.00361491	0.00688503	6.51107e-05	0.00420162	AMR
NA19704	1732596	1732596	-0.223545	-0.00392441	-0.00285341	-0.00345607	0.000182801	-0.000356873	-0.00903088	0.000660477	0.00054399	0.00427547	AFR
NA19719	1733730	1733730	0.080888	-0.0354294	-0.067948	0.0629844	-0.00373968	-0.000126001	0.00475172	-0.0119848	-0.00167233	0.0028698	AMR
NA19750	1733748	1733748	0.0871975	-0.0638562	-0.0565803	0.0316661	0.00157433	0.00229776	0.00481303	-0.0136249	-0.00053956	-0.00313702	AMR
NA19776	1734000	1734000	0.0676329	-0.0239251	-0.0696779	0.0737961	-0.000228439	0.00502296	0.00330497	-0.00739441	0.00406958	-0.000533461	AMR
NA19795	1735310	1735310	0.0821308	-0.0236471	-0.0705707	0.0801984	-0.0019495	0.00222944	0.00466249	-0.00444938	-0.00324795	-0.00309102	AMR
NA19923	1734260	1734260	-0.13334	-0.0410474	-0.00950254	-0.0154525	0.00430401	0.00284497	-0.0102017	0.00256751	-0.000499363	0.0277208	AFR
NA19982	1732276	1732276	-0.234195	0.00193917	-0.00475849	-0.00576557	0.00253556	0.000423733	-0.00743541	-0.0021089	-0.0144639	0.0187315	AFR
NA19984	1717736	1717736	-0.22835	-0.00244774	-0.00236056	-0.00167836	0.011385	0.00339715	-0.00713299	0.000984897	0.0172193	0.0235129	AFR
NA20126	1726100	1726100	-0.167608	-0.0219113	-0.0114061	-0.0137742	-0.00143173	0.00124537	-0.00761603	0.00397496	-0.00915505	0.0200961	AFR
NA20276	1729220	1729220	-0.209902	-0.00929749	-0.00585378	-0.00871701	0.00573121	0.000465455	-0.0064423	-0.00271373	-0.00349503	0.0193248	AFR
NA20287	1732436	1732436	-0.214209	-0.00530505	-0.0066656	-0.00552402	0.00257158	0.000364923	-0.00664707	-0.000828252	-0.00227267	0.024692	AFR
NA20291	1733442	1733442	-0.270924	0.0137099	6.34935e-05	-8.34977e-06	-0.00340682	-9.13025e-05	-0.00380228	-0.00427423	-0.00226355	0.0247131	AFR
NA20299	1731296	1731296	-0.0511045	0.0257221	-0.0545571	0.0779167	-0.00353908	-0.00613888	-0.0079572	0.00781189	0.000945452	0.00300764	AFR
NA20302	1734420	1734420	-0.202601	-0.0110002	-0.00555678	-0.00689122	0.00407904	-0.00303348	-0.00958707	-0.00128766	-0.0254459	0.043891	AFR
NA20314	1734880	1734880	0.110785	0.00704984	-0.0822554	0.108496	-0.000970934	-0.00493073	-0.00406312	0.0106468	0.00135906	0.00360504	AFR
NA20321	1727402	1727402	-0.19076	-0.016054	-0.00873043	-0.00709973	0.00409494	-0.000862196	-0.00669168	0.00225662	-0.00496999	0.0102815	AFR
NA20333	1731080	1731080	-0.21915	-0.00167561	-0.00499729	-0.0067027	0.0104158	0.000472444	-0.0131557	-0.00435219	-0.0272835	0.0248047	AFR
NA20342	1735248	1735248	-0.133058	-0.0356386	-0.0155029	-0.0147353	0.00699455	-0.000639023	-0.00463495	-0.00333727	-0.00841703	0.00662701	AFR
NA20361	1711402	1711402	-0.188248	-0.0181979	-0.0113698	-0.00519113	-0.00165915	0.000747524	-0.0118028	-0.00369608	-0.00350131	0.0182983	AFR
NA20526	1731190	1731190	0.0903187	-0.126454	-0.0245202	-0.0391187	-0.00058844	0.00786506	0.0107289	-0.0313331	-0.000999802	0.000639202	EUR
NA20541	1730518	1730518	0.0872952	-0.128687	-0.0280834	-0.0412033	0.00115616	0.00574868	0.0124474	-0.0312698	0.000680508	0.00520889	EUR
NA20812	1735276	1735276	0.091108	-0.127212	-0.0277333	-0.0375822	-0.000347076	0.00260124	0.0117982	-0.0339902	-0.00313633	0.00300575	EUR
NA21091	1735958	1735958	0.0889059	-0.036229	0.0993153	0.0280062	0.000745888	-0.00388093	-0.0023209	0.00403682	0.000623058	0.0439229	SAS
NA21102	1735856	1735856	0.0891108	-0.0370105	0.0979406	0.0318502	0.00049676	-0.00561769	-0.00317729	0.00352087	-0.00130302	0.0503364	SAS
HG00410	1731716	1731716	0.120796	0.1705	-0.0133282	-0.0337142	-0.00190353	-0.00187089	8.75528e-05	0.000134557	-0.000748907	-0.000363963	EAS
HG00734	1735624	1735624	0.053537	-0.0733473	-0.0485261	0.0127135	-0.000373955	-0.00582153	0.00802292	-0.0225828	-0.00130727	-0.0104795	AMR
HG01055	1734882	1734882	0.0447346	-0.0893449	-0.0369852	-0.00961179	-0.00282783	-0.00300166	0.0110784	-0.0230335	0.000706756	-0.0102381	AMR
HG01464	1731556	1731556	0.0250411	-0.03499	-0.0570405	0.0505942	0.000932563	-0.00485257	0.00756887	-0.0115421	-0.000835692	-0.00085667	AMR
HG01495	1733162	1733162	0.0551865	-0.030728	-0.0654777	0.0588568	-0.00096931	-0.00436848	0.00617342	-0.00976777	-0.000264944	0.00930005	AMR
HG01606	1724584	1724584	0.0861036	-0.13003	-0.031284	-0.0435137	0.00164378	-0.00416998	0.00396437	-0.016919	0.00460132	0.0022936	EUR
HG01879	1734404	1734404	-0.222521	-0.00164783	-0.00428357	-0.00497514	0.00557314	0.00344107	-0.0149015	-0.00755108	0.00862625	0.0119312	AFR
HG01896	1734126	1734126	-0.273389	0.0163748	-0.000960457	-0.000194575	0.00872089	0.00349737	-0.0226325	-0.00517295	0.0101733	-0.00154144	AFR
HG01942	1736228	1736228	0.114416	0.0418316	-0.11539	0.184953	0.000101923	-0.00405414	-0.00160076	0.00871468	0.00355909	-0.000158185	AMR
HG01967	1733278	1733278	0.104584	0.00352941	-0.0953947	0.129681	0.00135646	-0.00545933	-0.00146898	0.00212396	0.000227645	0.0103239	AMR
HG02012	1732828	1732828	-0.256525	0.00671478	-0.00384605	-0.00512163	0.00364147	0.00145476	-0.0213656	-0.00840163	0.00341565	0.00127023	AFR
HG02052	1734168	1734168	-0.277149	0.013256	-0.00240064	0.000361659	0.0117679	-0.00444984	-0.0211092	-0.00485011	0.00708821	0.00254563	AFR
HG02147	1736084	1736084	0.11928	0.0600016	-0.129315	0.202274	-0.000171457	-0.00456176	-0.00933912	0.0142723	0.00221168	0.00384943	AMR
HG02315	1732990	1732990	-0.237938	-0.0019072	-0.00299268	-0.0016891	0.00641503	-0.00142801	-0.0244816	-0.00614247	0.00602685	-0.00108522	AFR
HG02442	1735028	1735028	-0.277466	0.0182215	-0.000903383	-0.00074992	0.0102673	-0.00110775	-0.0219998	-0.0119115	0.00568288	0.00301588	AFR
HG02465	1731532	1731532	-0.281376	0.0160223	0.00149062	-0.000587659	-0.0703023	0.000674213	0.0255611	0.00363597	-0.0240798	-0.00216332	AFR
HG02536	1731724	1731724	-0.214389	-0.00939266	-0.00692545	-0.00721077	0.00472152	-0.00206296	-0.0211031	-0.00592825	-7.44011e-05	-0.00219583	AFR
HG02568	1733646	1733646	-0.27247	0.0133624	0.000953813	0.000305881	-0.066249	0.000458567	0.0212859	0.00901206	-0.0415004	0.00315822	AFR
HG02582	1733510	1733510	-0.276461	0.0154027	0.000575921	-0.00136408	-0.0685604	0.00116577	0.028702	0.0146067	-0.0411334	0.000644678	AFR
HG02635	1730716	1730716	-0.276479	0.0158015	-0.00114897	-0.000844355	-0.0502327	-0.00141304	0.0241114	0.0102202	-0.00170604	-0.00106726	AFR
HG02666	1719416	1719416	-0.278885	0.0151323	-4.99194e-05	-0.000843612	-0.0775346	0.000500365	0.0321288	0.0150276	-0.0518851	-0.00313269	AFR
HG02678	1731650	1731650	-0.273236	0.0133069	0.00232214	-0.00219519	-0.0687704	-0.000434712	0.0314654	0.010014	-0.0406097	-0.0052267	AFR
HG02679	1732672	1732672	-0.278388	0.0137367	0.00218985	-0.000219036	-0.0688524	0.00114452	0.0248446	0.0116541	-0.0273944	-0.000503759	AFR
HG02804	1732606	1732606	-0.281167	0.0178686	0.00122443	-0.000276265	-0.0719466	-0.00323421	0.0334072	0.0175251	-0.0218764	0.0179971	AFR
HG02816	1734104	1734104	-0.277706	0.0160461	-0.00237553	-0.0022916	-0.0694608	0.00229318	0.029784	0.0131432	-0.0272609	0.00822839	AFR
HG02817	1726186	1726186	-0.271747	0.0140592	-0.00164833	-0.00329331	-0.0637376	-0.00152911	0.0354325	0.0161052	-0.0235466	-0.00503596	AFR
HG02820	1733916	1733916	-0.281623	0.0172094	-0.00100873	0.000932301	-0.0688214	0.000199954	0.0334635	0.0163013	-0.0265902	-0.00200586	AFR
HG02890	1731742	1731742	-0.274399	0.0155384	-0.000785102	-0.000863851	-0.057645	-0.00117895	0.0271068	0.00871676	-0.0192114	-0.0022975	AFR
HG03048	1734536	1734536	-0.278952	0.015883	-0.00186924	0.00123485	-0.0694997	0.00105607	0.0350683	0.0115243	-0.0411668	-0.00357144	AFR
HG03069	1730272	1730272	-0.288503	0.0194976	-0.000237723	0.000698284	-0.040256	0.00142685	-0.000184227	0.0051301	0.0570125	-0.0037996	AFR
HG03073	1731966	1731966	-0.283624	0.0169901	-0.000526829	-0.00014079	-0.0460199	-0.00278341	0.00279169	0.00646793	0.0846947	-0.0157653	AFR
HG03123	1733756	1733756	-0.289603	0.0199129	-0.000606879	0.000612484	0.029354	-0.00016033	-0.0445507	-0.0192491	-0.0231744	-0.00148362	AFR
HG03195	1729988	1729988	-0.288722	0.019008	0.00117426	-0.00203318	0.0279758	0.00237323	-0.0427004	-0.0172113	-0.0224204	-0.0066624	AFR
HG03249	1733178	1733178	-0.26889	0.0126232	-0.000646927	-0.00420239	-0.0621965	-0.000762749	0.019824	-0.00212331	-0.0190481	0.000184032	AFR
HG03294	1733516	1733516	-0.287464	0.0181482	0.000544603	-0.000572911	0.0187329	0.00224656	-0.0334508	-0.0125412	-0.00940611	-0.0120233	AFR
HG03354	1733274	1733274	-0.291296	0.0190582	-0.000132565	0.00110537	0.02509	0.000394068	-0.0454773	-0.0184189	-0.0160172	0.0022704	AFR
HG03380	1719156	1719156	-0.285789	0.0175335	0.001346	-0.00154211	-0.0377962	-0.00112625	0.00558015	0.0107082	0.10807	-0.00752671	AFR
HG03383	1734108	1734108	-0.284839	0.0191417	0.00192207	0.000207527	-0.0402204	-0.000996944	-0.00120605	-0.000148566	0.0997018	-0.00134255	AFR
HG03431	1734046	1734046	-0.284048	0.0165613	0.0024538	-0.000748217	-0.0405574	-0.00166478	0.00255501	0.00163452	0.0674017	-2.8806e-05	AFR
HG03520	1729208	1729208	-0.290238	0.0198117	-0.00110456	-0.00081438	0.0254186	0.000412332	-0.0378276	-0.0194773	-0.0251406	-0.00842331	AFR
HG03556	1734080	1734080	-0.285134	0.0184395	0.00186477	-0.00151017	-0.0416953	-0.0026141	0.00279818	0.000209317	0.0971946	0.00498943	AFR
HG03578	1732580	1732580	-0.284292	0.0173062	0.000289143	-0.00058362	-0.04084	-0.000891941	0.00206272	0.0102148	0.0722364	0.00460582	AFR
HG03679	1734164	1734164	0.0847496	-0.0239668	0.0975218	0.0313443	-0.00136393	0.00131064	0.00215738	-0.0065498	0.00048988	-0.0175087	SAS
HG03771	1735618	1735618	0.0852434	-0.0122353	0.10212	0.0349315	-0.00188193	-0.00340376	-0.000215996	-0.00124718	-0.00126316	-0.0168654	SAS
HG03802	1730856	1730856	0.0920813	-0.00671664	0.0888475	0.0249385	0.000671853	-0.00322812	-0.00169003	0.00623707	0.000936998	-0.0121785	SAS
HG04090	1725862	1725862	0.0878839	-0.0229903	0.09854	0.0331604	-0.00178361	0.00314303	-0.000775213	-0.00666425	-0.00237153	-0.0155439	SAS
NA10850	1735606	1735606	0.0918884	-0.130804	-0.0333969	-0.0386831	-0.000583349	-0.00108629	-0.00709515	0.00946003	0.000384521	-0.00126684	EUR
NA12043	1732368	1732368	0.0946063	-0.130577	-0.0276096	-0.0390693	-0.000996833	-0.00237819	-0.00685734	0.0153564	0.000331347	0.00497903	EUR
NA12341	1735294	1735294	0.0889799	-0.129595	-0.025789	-0.038106	-0.0029567	0.00227316	-0.00880045	0.0133588	-4.70022e-05	0.00698582	EUR
NA19098	1732576	1732576	-0.286673	0.0185657	0.000468868	-0.00158206	0.0202053	-0.00132567	-0.0362159	-0.0123337	-0.004884	-0.00129592	AFR
NA19152	1731444	1731444	-0.287711	0.0211376	0.00184749	0.000384352	0.0222089	0.00119168	-0.0333082	-0.0177224	-0.0151342	-0.00521666	AFR
NA19159	1732570	1732570	-0.288728	0.02088	0.00176133	0.000471494	0.0252263	0.000563483	-0.0317903	-0.0155904	-0.0014506	0.00833184	AFR
NA19172	1734246	1734246	-0.291456	0.0181183	-0.00179233	-0.00153141	0.0249043	0.0051321	-0.0411543	-0.0142776	-0.0135844	-0.00806381	AFR
NA19189	1730488	1730488	-0.287105	0.016577	-0.000538993	0.000221983	0.0184121	0.00583705	-0.0322818	-0.0147474	-0.00245221	-0.000805234	AFR
NA19209	1734238	1734238	-0.290272	0.0195094	-0.00283246	-0.000820855	0.020824	-0.000179738	-0.0333364	-0.0128071	-0.0138972	0.00522262	AFR
NA19225	1728130	1728130	-0.288507	0.0207356	-0.00224879	-0.000841364	0.0269905	0.000779331	-0.040639	-0.0184916	-0.0194141	0.00227382	AFR
NA19309	1734302	1734302	-0.263259	0.0130921	0.00296071	-0.00154228	0.0775137	0.000170936	0.0738134	0.0372748	-0.0102356	-0.00735103	AFR
NA19347	1732378	1732378	-0.258967	0.0117216	0.001725	-0.0039822	0.0714877	-1.91436e-06	0.0742572	0.0310727	0.00452628	0.00704983	AFR
NA19625	1730598	1730598	-0.143471	0.0155552	-0.0278621	0.0398588	0.00482995	-0.00219583	-0.0126349	0.000968847	-0.000193199	-0.0057026	AFR
NA19663	1733570	1733570	0.0827181	0.00557841	-0.0851498	0.108419	-0.0015984	0.00196897	0.000483918	0.00565382	-0.000983925	-0.0051874	AMR
NA19703	1734756	1734756	-0.226203	-0.00360526	-0.00485486	-0.00706676	0.00816806	0.00183922	-0.0119473	-0.00146571	-0.00549167	0.0126612	AFR
NA19905	1718446	1718446	-0.213316	-0.00625075	-0.009376	-0.00494254	0.00206071	0.000700582	-0.0156197	-0.00183152	0.00227524	0.00460137	AFR
NA19908	1733554	1733554	-0.240438	0.00286446	-0.00704284	-0.00349836	0.0136614	-0.00453721	-0.0131051	-0.00576147	0.00245361	0.0137199	AFR
NA20294	1733130	1733130	-0.22933	-0.00188912	-0.00462633	-0.00382299	0.014363	-0.000847825	-0.0102729	-7.64091e-05	0.00524468	-0.00774876	AFR
NA20296	1734684	1734684	-0.197617	-0.00868786	-0.00829965	-0.00900479	0.00423465	-0.00323425	0.00152152	-4.06614e-05	0.00510153	0.00689382	AFR
NA20364	1734096	1734096	-0.179405	-0.0188277	-0.00537518	-0.00916471	0.000282767	-0.000166535	-0.0063135	-0.0028298	-6.15372e-06	0.00620822	AFR
HG01440	1735736	1735736	0.0266085	-0.0614519	-0.0509591	0.0161083	0.000553402	-0.00601479	0.0065774	-0.0023911	-0.00155257	-0.00162988	AMR
HG01757	1726500	1726500	0.0774825	-0.124574	-0.0137547	-0.0442111	0.00068389	-0.00333043	0.0242041	-0.00921108	0.00215504	0.00638975	EUR
HG01886	1732510	1732510	-0.243025	0.00266458	-0.003038	-0.00244363	-0.00912031	0.00187463	-0.00826689	-0.00658647	0.0190317	0.019421	AFR
HG01953	1734750	1734750	0.112414	0.0518075	-0.150195	0.168163	-0.00265784	-0.00395997	-0.0114218	0.00527272	-0.00123748	0.00289203	AMR
HG01986	1731458	1731458	-0.240872	-0.00176799	-0.00769711	-0.00793792	-0.011608	-0.00151588	-0.00770329	-0.0202605	0.0117977	0.0301016	AFR
HG02035	1724618	1724618	0.116764	0.16477	7.9047e-05	-0.0370828	0.000688291	-0.0420234	-0.00703553	0.00177254	0.00129141	0.000156401	EAS
HG02439	1733238	1733238	-0.265876	0.0115919	-0.000790184	-0.00280499	-0.00783359	-0.000268729	-0.00948735	-0.0131099	0.010249	-0.00282408	AFR
HG02445	1734308	1734308	-0.226909	-0.00700343	-0.00460521	-0.00724049	-0.00761037	0.00126943	-0.00419245	-0.00771998	0.00595664	0.0204292	AFR
HG02561	1728664	1728664	-0.271487	0.0150587	0.000532337	-0.00129416	0.0642484	0.00039214	0.0132409	0.0179992	-0.0222033	-0.018237	AFR
HG02667	1714610	1714610	-0.278179	0.0168297	0.00025541	-0.00130446	0.0782303	-3.0217e-06	0.0138486	0.0223164	-0.0654598	0.000275959	AFR
HG02762	1734724	1734724	-0.276401	0.0158436	0.00146842	-0.000323083	0.073354	-0.000803074	0.0108213	0.0252933	-0.047935	-0.0134181	AFR
HG02790	1729620	1729620	0.0853952	-0.0228324	0.0888368	0.0489956	0.00197802	0.0016166	-0.00331988	0.00310052	-0.000278455	-0.00946906	SAS
HG02887	1729198	1729198	-0.283685	0.0186293	0.00176961	-0.0009755	0.0797852	-0.00319513	0.0147676	0.0291836	-0.0623655	-0.00566422	AFR
HG03109	1734342	1734342	-0.292164	0.0213172	0.00104296	0.00197526	-0.02895	0.00371954	-0.0217169	-0.0398013	-0.0162751	-0.0127371	AFR
HG03202	1730598	1730598	-0.290965	0.0227561	-2.81781e-05	-0.00328777	-0.0366137	0.00583015	-0.0179054	-0.0300033	-0.024624	-0.0124732	AFR
HG03352	1731528	1731528	-0.293418	0.0188857	-0.000492635	0.001001	-0.0327819	0.00515497	-0.0203077	-0.0391425	-0.0267813	-0.0130852	AFR
HG03376	1732264	1732264	-0.28897	0.0181335	0.000901023	0.000432173	0.043097	0.00264336	-0.00470791	0.00459634	0.0752531	0.0303653	AFR
HG03439	1733562	1733562	-0.288413	0.0213097	-0.000364194	0.00196058	0.044517	0.00107461	-0.00252354	0.00469901	0.0605035	0.0104993	AFR
HG03469	1732618	1732618	-0.290956	0.0182481	0.00136946	-1.6245e-05	0.0484881	0.00123042	-0.00497897	0.00343288	0.11058	0.0605481	AFR
HG03559	1733554	1733554	-0.289069	0.0183363	0.000948634	-0.00081641	0.0381447	0.00229561	-0.0051337	0.00105322	0.0735859	0.0209936	AFR
HG03917	1729094	1729094	0.0884316	-0.00237138	0.0800344	0.0388403	-0.000115418	-0.00438718	0.00024096	0.00348606	-0.00141478	-0.00269088	SAS
NA18507	1729960	1729960	-0.294717	0.0210012	-6.95112e-05	0.00125765	-0.0208175	0.00507869	-0.015227	-0.0255534	-0.0176241	0.014073	AFR
NA19308	1725750	1725750	-0.266626	0.0137942	0.00132548	-0.000818592	-0.0566825	-0.0055864	0.0399555	0.073933	0.0091036	-0.00537111	AFR
NA19320	1734240	1734240	-0.264496	0.0137737	0.00370017	-0.00202214	-0.0687884	-0.00391112	0.0482455	0.0882959	-0.00279119	-0.000749022	AFR
NA20350	1735032	1735032	-0.203495	-0.00853542	-0.00613121	-0.00860148	-0.0147333	-0.00553475	-0.00464994	-0.00549219	-0.00230897	-0.00657332	AFR
HG01173	1728882	1728882	0.0612104	-0.107858	-0.0319917	0.0299821	-0.00103131	0.00687337	-0.0105795	-0.0344742	0.00320915	0.00183325	AMR
HG02330	1734698	1734698	-0.244428	0.00520025	-0.00174881	0.00324312	-0.00553687	-0.00257153	0.0189781	-0.000875898	-0.00276487	0.0100302	AFR
HG03095	1732758	1732758	-0.284686	0.0216129	-0.000819003	-0.00122352	0.0410685	0.0014905	-0.0118774	0.0120585	-0.051372	0.0223221	AFR
HG03124	1734508	1734508	-0.288699	0.021556	-0.000830816	-0.000722998	-0.015572	0.00214359	0.0449971	-0.014574	0.0100134	-0.0173872	AFR
HG03518	1733320	1733320	-0.284548	0.0227271	0.00164836	-9.58021e-05	-0.0189651	-0.00426868	0.0500883	-0.0125709	0.0205358	-0.0106327	AFR
NA19384	1733982	1733982	-0.270338	0.0175861	0.000534302	0.000917987	-0.0811814	-0.00199464	-0.0502404	0.0221918	-0.00681578	-0.0314024	AFR
